shard,name,type_id,type,shape_ggml_order,bytes,relative_offset
1,output.weight,23,IQ4_XS,2560x248320,337715200,0
1,output_hc_down.weight,30,BF16,10240x320,6553600,337715200
1,output_hc_norm.weight,0,F32,10240,40960,344268800
1,output_hc_up.weight,30,BF16,320x10240,6553600,344309760
1,token_embd.weight,23,IQ4_XS,2560x248320,337715200,350863360
1,blk.0.attn_gate.weight,21,IQ3_S,2560x6144,6758400,688578560
1,blk.0.attn_qkv.weight,23,IQ4_XS,2560x10240,13926400,695336960
1,blk.0.ffn_down_exps.weight,42,Q2_0,640x2560x512,235929600,709263360
1,blk.0.ffn_down_shexp.weight,20,IQ4_NL,640x2560,921600,945192960
1,blk.0.ffn_gate_exps.weight,22,IQ2_S,2560x640x512,268697600,946114560
1,blk.0.ffn_gate_inp.weight,30,BF16,2560x512,2621440,1214812160
1,blk.0.ffn_gate_inp_shexp.weight,30,BF16,2560,5120,1217433600
1,blk.0.ffn_gate_shexp.weight,21,IQ3_S,2560x640,704000,1217438720
1,blk.0.ffn_up_exps.weight,22,IQ2_S,2560x640x512,268697600,1218142720
1,blk.0.ffn_up_shexp.weight,23,IQ4_XS,2560x640,870400,1486840320
1,blk.0.hc_attn_down.weight,30,BF16,10240x320,6553600,1487710720
1,blk.0.hc_attn_inject.weight,30,BF16,10240x4,81920,1494264320
1,blk.0.hc_attn_norm.weight,0,F32,10240,40960,1494346240
1,blk.0.hc_attn_up.weight,30,BF16,320x10240,6553600,1494387200
1,blk.0.hc_ffn_down.weight,30,BF16,10240x320,6553600,1500940800
1,blk.0.hc_ffn_inject.weight,30,BF16,10240x4,81920,1507494400
1,blk.0.hc_ffn_norm.weight,0,F32,10240,40960,1507576320
1,blk.0.hc_ffn_up.weight,30,BF16,320x10240,6553600,1507617280
1,blk.0.ssm_a,0,F32,48,192,1514170880
1,blk.0.ssm_alpha.weight,30,BF16,2560x48,245760,1514171072
1,blk.0.ssm_beta.weight,30,BF16,2560x48,245760,1514416832
1,blk.0.ssm_conv1d.weight,0,F32,4x10240,163840,1514662592
1,blk.0.ssm_dt.bias,0,F32,48,192,1514826432
1,blk.0.ssm_norm.weight,0,F32,128,512,1514826624
1,blk.0.ssm_out.weight,23,IQ4_XS,6144x2560,8355840,1514827136
1,blk.1.attn_gate.weight,21,IQ3_S,2560x6144,6758400,1523182976
1,blk.1.attn_qkv.weight,23,IQ4_XS,2560x10240,13926400,1529941376
1,blk.1.ffn_down_exps.weight,42,Q2_0,640x2560x512,235929600,1543867776
1,blk.1.ffn_down_shexp.weight,20,IQ4_NL,640x2560,921600,1779797376
1,blk.1.ffn_gate_exps.weight,16,IQ2_XXS,2560x640x512,216268800,1780718976
1,blk.1.ffn_gate_inp.weight,30,BF16,2560x512,2621440,1996987776
1,blk.1.ffn_gate_inp_shexp.weight,30,BF16,2560,5120,1999609216
1,blk.1.ffn_gate_shexp.weight,14,Q6_K,2560x640,1344000,1999614336
1,blk.1.ffn_up_exps.weight,16,IQ2_XXS,2560x640x512,216268800,2000958336
1,blk.1.ffn_up_shexp.weight,23,IQ4_XS,2560x640,870400,2217227136
1,blk.1.hc_attn_down.weight,30,BF16,10240x320,6553600,2218097536
1,blk.1.hc_attn_inject.weight,30,BF16,10240x4,81920,2224651136
1,blk.1.hc_attn_norm.weight,0,F32,10240,40960,2224733056
1,blk.1.hc_attn_up.weight,30,BF16,320x10240,6553600,2224774016
1,blk.1.hc_ffn_down.weight,30,BF16,10240x320,6553600,2231327616
1,blk.1.hc_ffn_inject.weight,30,BF16,10240x4,81920,2237881216
1,blk.1.hc_ffn_norm.weight,0,F32,10240,40960,2237963136
1,blk.1.hc_ffn_up.weight,30,BF16,320x10240,6553600,2238004096
1,blk.1.ple_conv1d.weight,1,F16,4x10240,81920,2244557696
1,blk.1.ple_key.weight,30,BF16,2560x10240,52428800,2244639616
1,blk.1.ple_norm_conv.weight,0,F32,10240,40960,2297068416
1,blk.1.ple_norm_key.weight,0,F32,10240,40960,2297109376
1,blk.1.ple_norm_query.weight,0,F32,10240,40960,2297150336
1,blk.1.ple_value.weight,30,BF16,2560x2560,13107200,2297191296
1,blk.1.ssm_a,0,F32,48,192,2310298496
1,blk.1.ssm_alpha.weight,30,BF16,2560x48,245760,2310298688
1,blk.1.ssm_beta.weight,30,BF16,2560x48,245760,2310544448
1,blk.1.ssm_conv1d.weight,0,F32,4x10240,163840,2310790208
1,blk.1.ssm_dt.bias,0,F32,48,192,2310954048
1,blk.1.ssm_norm.weight,0,F32,128,512,2310954240
1,blk.1.ssm_out.weight,23,IQ4_XS,6144x2560,8355840,2310954752
1,blk.2.attn_gate.weight,23,IQ4_XS,2560x6144,8355840,2319310592
1,blk.2.attn_qkv.weight,23,IQ4_XS,2560x10240,13926400,2327666432
1,blk.2.ffn_down_exps.weight,42,Q2_0,640x2560x512,235929600,2341592832
1,blk.2.ffn_down_shexp.weight,20,IQ4_NL,640x2560,921600,2577522432
1,blk.2.ffn_gate_exps.weight,22,IQ2_S,2560x640x512,268697600,2578444032
1,blk.2.ffn_gate_inp.weight,30,BF16,2560x512,2621440,2847141632
1,blk.2.ffn_gate_inp_shexp.weight,30,BF16,2560,5120,2849763072
1,blk.2.ffn_gate_shexp.weight,23,IQ4_XS,2560x640,870400,2849768192
1,blk.2.ffn_up_exps.weight,22,IQ2_S,2560x640x512,268697600,2850638592
1,blk.2.ffn_up_shexp.weight,23,IQ4_XS,2560x640,870400,3119336192
1,blk.2.hc_attn_down.weight,30,BF16,10240x320,6553600,3120206592
1,blk.2.hc_attn_inject.weight,30,BF16,10240x4,81920,3126760192
1,blk.2.hc_attn_norm.weight,0,F32,10240,40960,3126842112
1,blk.2.hc_attn_up.weight,30,BF16,320x10240,6553600,3126883072
1,blk.2.hc_ffn_down.weight,30,BF16,10240x320,6553600,3133436672
1,blk.2.hc_ffn_inject.weight,30,BF16,10240x4,81920,3139990272
1,blk.2.hc_ffn_norm.weight,0,F32,10240,40960,3140072192
1,blk.2.hc_ffn_up.weight,30,BF16,320x10240,6553600,3140113152
1,blk.2.ssm_a,0,F32,48,192,3146666752
1,blk.2.ssm_alpha.weight,30,BF16,2560x48,245760,3146666944
1,blk.2.ssm_beta.weight,30,BF16,2560x48,245760,3146912704
1,blk.2.ssm_conv1d.weight,0,F32,4x10240,163840,3147158464
1,blk.2.ssm_dt.bias,0,F32,48,192,3147322304
1,blk.2.ssm_norm.weight,0,F32,128,512,3147322496
1,blk.2.ssm_out.weight,23,IQ4_XS,6144x2560,8355840,3147323008
1,blk.3.attn_k.weight,14,Q6_K,2560x512,1075200,3155678848
1,blk.3.attn_k_norm.weight,0,F32,256,1024,3156754048
1,blk.3.attn_output.weight,21,IQ3_S,6144x2560,6758400,3156755072
1,blk.3.attn_q.weight,23,IQ4_XS,2560x12288,16711680,3163513472
1,blk.3.attn_q_norm.weight,0,F32,256,1024,3180225152
1,blk.3.attn_v.weight,23,IQ4_XS,2560x512,696320,3180226176
1,blk.3.ffn_down_exps.weight,42,Q2_0,640x2560x512,235929600,3180922496
1,blk.3.ffn_down_shexp.weight,8,Q8_0,640x2560,1740800,3416852096
1,blk.3.ffn_gate_exps.weight,22,IQ2_S,2560x640x512,268697600,3418592896
1,blk.3.ffn_gate_inp.weight,30,BF16,2560x512,2621440,3687290496
1,blk.3.ffn_gate_inp_shexp.weight,30,BF16,2560,5120,3689911936
1,blk.3.ffn_gate_shexp.weight,23,IQ4_XS,2560x640,870400,3689917056
1,blk.3.ffn_up_exps.weight,22,IQ2_S,2560x640x512,268697600,3690787456
1,blk.3.ffn_up_shexp.weight,23,IQ4_XS,2560x640,870400,3959485056
1,blk.3.hc_attn_down.weight,30,BF16,10240x320,6553600,3960355456
1,blk.3.hc_attn_inject.weight,30,BF16,10240x4,81920,3966909056
1,blk.3.hc_attn_norm.weight,0,F32,10240,40960,3966990976
1,blk.3.hc_attn_up.weight,30,BF16,320x10240,6553600,3967031936
1,blk.3.hc_ffn_down.weight,30,BF16,10240x320,6553600,3973585536
1,blk.3.hc_ffn_inject.weight,30,BF16,10240x4,81920,3980139136
1,blk.3.hc_ffn_norm.weight,0,F32,10240,40960,3980221056
1,blk.3.hc_ffn_up.weight,30,BF16,320x10240,6553600,3980262016
1,blk.3.indexer.k_norm.weight,0,F32,128,512,3986815616
1,blk.3.indexer.k_proj.weight,30,BF16,2560x128,655360,3986816128
1,blk.3.indexer.q_norm.weight,0,F32,128,512,3987471488
1,blk.3.indexer.q_proj.weight,30,BF16,2560x512,2621440,3987472000
1,blk.4.attn_gate.weight,21,IQ3_S,2560x6144,6758400,3990093440
1,blk.4.attn_qkv.weight,23,IQ4_XS,2560x10240,13926400,3996851840
1,blk.4.ffn_down_exps.weight,42,Q2_0,640x2560x512,235929600,4010778240
1,blk.4.ffn_down_shexp.weight,20,IQ4_NL,640x2560,921600,4246707840
1,blk.4.ffn_gate_exps.weight,16,IQ2_XXS,2560x640x512,216268800,4247629440
1,blk.4.ffn_gate_inp.weight,30,BF16,2560x512,2621440,4463898240
1,blk.4.ffn_gate_inp_shexp.weight,30,BF16,2560,5120,4466519680
1,blk.4.ffn_gate_shexp.weight,23,IQ4_XS,2560x640,870400,4466524800
1,blk.4.ffn_up_exps.weight,16,IQ2_XXS,2560x640x512,216268800,4467395200
1,blk.4.ffn_up_shexp.weight,21,IQ3_S,2560x640,704000,4683664000
1,blk.4.hc_attn_down.weight,30,BF16,10240x320,6553600,4684368000
1,blk.4.hc_attn_inject.weight,30,BF16,10240x4,81920,4690921600
1,blk.4.hc_attn_norm.weight,0,F32,10240,40960,4691003520
1,blk.4.hc_attn_up.weight,30,BF16,320x10240,6553600,4691044480
1,blk.4.hc_ffn_down.weight,30,BF16,10240x320,6553600,4697598080
1,blk.4.hc_ffn_inject.weight,30,BF16,10240x4,81920,4704151680
1,blk.4.hc_ffn_norm.weight,0,F32,10240,40960,4704233600
1,blk.4.hc_ffn_up.weight,30,BF16,320x10240,6553600,4704274560
1,blk.4.ssm_a,0,F32,48,192,4710828160
1,blk.4.ssm_alpha.weight,30,BF16,2560x48,245760,4710828352
1,blk.4.ssm_beta.weight,30,BF16,2560x48,245760,4711074112
1,blk.4.ssm_conv1d.weight,0,F32,4x10240,163840,4711319872
1,blk.4.ssm_dt.bias,0,F32,48,192,4711483712
1,blk.4.ssm_norm.weight,0,F32,128,512,4711483904
1,blk.4.ssm_out.weight,23,IQ4_XS,6144x2560,8355840,4711484416
1,blk.5.attn_gate.weight,21,IQ3_S,2560x6144,6758400,4719840256
1,blk.5.attn_qkv.weight,23,IQ4_XS,2560x10240,13926400,4726598656
1,blk.5.ffn_down_exps.weight,42,Q2_0,640x2560x512,235929600,4740525056
1,blk.5.ffn_down_shexp.weight,20,IQ4_NL,640x2560,921600,4976454656
1,blk.5.ffn_gate_exps.weight,22,IQ2_S,2560x640x512,268697600,4977376256
1,blk.5.ffn_gate_inp.weight,30,BF16,2560x512,2621440,5246073856
1,blk.5.ffn_gate_inp_shexp.weight,30,BF16,2560,5120,5248695296
1,blk.5.ffn_gate_shexp.weight,23,IQ4_XS,2560x640,870400,5248700416
1,blk.5.ffn_up_exps.weight,22,IQ2_S,2560x640x512,268697600,5249570816
1,blk.5.ffn_up_shexp.weight,14,Q6_K,2560x640,1344000,5518268416
1,blk.5.hc_attn_down.weight,30,BF16,10240x320,6553600,5519612416
1,blk.5.hc_attn_inject.weight,30,BF16,10240x4,81920,5526166016
1,blk.5.hc_attn_norm.weight,0,F32,10240,40960,5526247936
1,blk.5.hc_attn_up.weight,30,BF16,320x10240,6553600,5526288896
1,blk.5.hc_ffn_down.weight,30,BF16,10240x320,6553600,5532842496
1,blk.5.hc_ffn_inject.weight,30,BF16,10240x4,81920,5539396096
1,blk.5.hc_ffn_norm.weight,0,F32,10240,40960,5539478016
1,blk.5.hc_ffn_up.weight,30,BF16,320x10240,6553600,5539518976
1,blk.5.ssm_a,0,F32,48,192,5546072576
1,blk.5.ssm_alpha.weight,30,BF16,2560x48,245760,5546072768
1,blk.5.ssm_beta.weight,30,BF16,2560x48,245760,5546318528
1,blk.5.ssm_conv1d.weight,0,F32,4x10240,163840,5546564288
1,blk.5.ssm_dt.bias,0,F32,48,192,5546728128
1,blk.5.ssm_norm.weight,0,F32,128,512,5546728320
1,blk.5.ssm_out.weight,23,IQ4_XS,6144x2560,8355840,5546728832
1,blk.6.attn_gate.weight,23,IQ4_XS,2560x6144,8355840,5555084672
1,blk.6.attn_qkv.weight,23,IQ4_XS,2560x10240,13926400,5563440512
1,blk.6.ffn_down_exps.weight,42,Q2_0,640x2560x512,235929600,5577366912
1,blk.6.ffn_down_shexp.weight,42,Q2_0,640x2560,460800,5813296512
1,blk.6.ffn_gate_exps.weight,22,IQ2_S,2560x640x512,268697600,5813757312
1,blk.6.ffn_gate_inp.weight,30,BF16,2560x512,2621440,6082454912
1,blk.6.ffn_gate_inp_shexp.weight,30,BF16,2560,5120,6085076352
1,blk.6.ffn_gate_shexp.weight,23,IQ4_XS,2560x640,870400,6085081472
1,blk.6.ffn_up_exps.weight,22,IQ2_S,2560x640x512,268697600,6085951872
1,blk.6.ffn_up_shexp.weight,23,IQ4_XS,2560x640,870400,6354649472
1,blk.6.hc_attn_down.weight,30,BF16,10240x320,6553600,6355519872
1,blk.6.hc_attn_inject.weight,30,BF16,10240x4,81920,6362073472
1,blk.6.hc_attn_norm.weight,0,F32,10240,40960,6362155392
1,blk.6.hc_attn_up.weight,30,BF16,320x10240,6553600,6362196352
1,blk.6.hc_ffn_down.weight,30,BF16,10240x320,6553600,6368749952
1,blk.6.hc_ffn_inject.weight,30,BF16,10240x4,81920,6375303552
1,blk.6.hc_ffn_norm.weight,0,F32,10240,40960,6375385472
1,blk.6.hc_ffn_up.weight,30,BF16,320x10240,6553600,6375426432
1,blk.6.ssm_a,0,F32,48,192,6381980032
1,blk.6.ssm_alpha.weight,30,BF16,2560x48,245760,6381980224
1,blk.6.ssm_beta.weight,30,BF16,2560x48,245760,6382225984
1,blk.6.ssm_conv1d.weight,0,F32,4x10240,163840,6382471744
1,blk.6.ssm_dt.bias,0,F32,48,192,6382635584
1,blk.6.ssm_norm.weight,0,F32,128,512,6382635776
1,blk.6.ssm_out.weight,23,IQ4_XS,6144x2560,8355840,6382636288
1,blk.7.attn_k.weight,14,Q6_K,2560x512,1075200,6390992128
1,blk.7.attn_k_norm.weight,0,F32,256,1024,6392067328
1,blk.7.attn_output.weight,23,IQ4_XS,6144x2560,8355840,6392068352
1,blk.7.attn_q.weight,23,IQ4_XS,2560x12288,16711680,6400424192
1,blk.7.attn_q_norm.weight,0,F32,256,1024,6417135872
1,blk.7.attn_v.weight,14,Q6_K,2560x512,1075200,6417136896
1,blk.7.ffn_down_exps.weight,42,Q2_0,640x2560x512,235929600,6418212096
1,blk.7.ffn_down_shexp.weight,42,Q2_0,640x2560,460800,6654141696
1,blk.7.ffn_gate_exps.weight,22,IQ2_S,2560x640x512,268697600,6654602496
1,blk.7.ffn_gate_inp.weight,30,BF16,2560x512,2621440,6923300096
1,blk.7.ffn_gate_inp_shexp.weight,30,BF16,2560,5120,6925921536
1,blk.7.ffn_gate_shexp.weight,14,Q6_K,2560x640,1344000,6925926656
1,blk.7.ffn_up_exps.weight,22,IQ2_S,2560x640x512,268697600,6927270656
1,blk.7.ffn_up_shexp.weight,23,IQ4_XS,2560x640,870400,7195968256
1,blk.7.hc_attn_down.weight,30,BF16,10240x320,6553600,7196838656
1,blk.7.hc_attn_inject.weight,30,BF16,10240x4,81920,7203392256
1,blk.7.hc_attn_norm.weight,0,F32,10240,40960,7203474176
1,blk.7.hc_attn_up.weight,30,BF16,320x10240,6553600,7203515136
1,blk.7.hc_ffn_down.weight,30,BF16,10240x320,6553600,7210068736
1,blk.7.hc_ffn_inject.weight,30,BF16,10240x4,81920,7216622336
1,blk.7.hc_ffn_norm.weight,0,F32,10240,40960,7216704256
1,blk.7.hc_ffn_up.weight,30,BF16,320x10240,6553600,7216745216
1,blk.7.indexer.k_norm.weight,0,F32,128,512,7223298816
1,blk.7.indexer.k_proj.weight,30,BF16,2560x128,655360,7223299328
1,blk.7.indexer.q_norm.weight,0,F32,128,512,7223954688
1,blk.7.indexer.q_proj.weight,30,BF16,2560x512,2621440,7223955200
1,blk.8.attn_gate.weight,23,IQ4_XS,2560x6144,8355840,7226576640
1,blk.8.attn_qkv.weight,23,IQ4_XS,2560x10240,13926400,7234932480
1,blk.8.ffn_down_exps.weight,42,Q2_0,640x2560x512,235929600,7248858880
1,blk.8.ffn_down_shexp.weight,20,IQ4_NL,640x2560,921600,7484788480
1,blk.8.ffn_gate_exps.weight,29,IQ1_M,2560x640x512,183500800,7485710080
1,blk.8.ffn_gate_inp.weight,30,BF16,2560x512,2621440,7669210880
1,blk.8.ffn_gate_inp_shexp.weight,30,BF16,2560,5120,7671832320
1,blk.8.ffn_gate_shexp.weight,23,IQ4_XS,2560x640,870400,7671837440
1,blk.8.ffn_up_exps.weight,29,IQ1_M,2560x640x512,183500800,7672707840
1,blk.8.ffn_up_shexp.weight,23,IQ4_XS,2560x640,870400,7856208640
1,blk.8.hc_attn_down.weight,30,BF16,10240x320,6553600,7857079040
1,blk.8.hc_attn_inject.weight,30,BF16,10240x4,81920,7863632640
1,blk.8.hc_attn_norm.weight,0,F32,10240,40960,7863714560
1,blk.8.hc_attn_up.weight,30,BF16,320x10240,6553600,7863755520
1,blk.8.hc_ffn_down.weight,30,BF16,10240x320,6553600,7870309120
1,blk.8.hc_ffn_inject.weight,30,BF16,10240x4,81920,7876862720
1,blk.8.hc_ffn_norm.weight,0,F32,10240,40960,7876944640
1,blk.8.hc_ffn_up.weight,30,BF16,320x10240,6553600,7876985600
1,blk.8.ssm_a,0,F32,48,192,7883539200
1,blk.8.ssm_alpha.weight,30,BF16,2560x48,245760,7883539392
1,blk.8.ssm_beta.weight,30,BF16,2560x48,245760,7883785152
1,blk.8.ssm_conv1d.weight,0,F32,4x10240,163840,7884030912
1,blk.8.ssm_dt.bias,0,F32,48,192,7884194752
1,blk.8.ssm_norm.weight,0,F32,128,512,7884194944
1,blk.8.ssm_out.weight,21,IQ3_S,6144x2560,6758400,7884195456
1,blk.9.attn_gate.weight,23,IQ4_XS,2560x6144,8355840,7890953856
1,blk.9.attn_qkv.weight,23,IQ4_XS,2560x10240,13926400,7899309696
1,blk.9.ffn_down_exps.weight,42,Q2_0,640x2560x512,235929600,7913236096
1,blk.9.ffn_down_shexp.weight,8,Q8_0,640x2560,1740800,8149165696
1,blk.9.ffn_gate_exps.weight,16,IQ2_XXS,2560x640x512,216268800,8150906496
1,blk.9.ffn_gate_inp.weight,30,BF16,2560x512,2621440,8367175296
1,blk.9.ffn_gate_inp_shexp.weight,30,BF16,2560,5120,8369796736
1,blk.9.ffn_gate_shexp.weight,21,IQ3_S,2560x640,704000,8369801856
1,blk.9.ffn_up_exps.weight,16,IQ2_XXS,2560x640x512,216268800,8370505856
1,blk.9.ffn_up_shexp.weight,21,IQ3_S,2560x640,704000,8586774656
1,blk.9.hc_attn_down.weight,30,BF16,10240x320,6553600,8587478656
1,blk.9.hc_attn_inject.weight,30,BF16,10240x4,81920,8594032256
1,blk.9.hc_attn_norm.weight,0,F32,10240,40960,8594114176
1,blk.9.hc_attn_up.weight,30,BF16,320x10240,6553600,8594155136
1,blk.9.hc_ffn_down.weight,30,BF16,10240x320,6553600,8600708736
1,blk.9.hc_ffn_inject.weight,30,BF16,10240x4,81920,8607262336
1,blk.9.hc_ffn_norm.weight,0,F32,10240,40960,8607344256
1,blk.9.hc_ffn_up.weight,30,BF16,320x10240,6553600,8607385216
1,blk.9.ssm_a,0,F32,48,192,8613938816
1,blk.9.ssm_alpha.weight,30,BF16,2560x48,245760,8613939008
1,blk.9.ssm_beta.weight,30,BF16,2560x48,245760,8614184768
1,blk.9.ssm_conv1d.weight,0,F32,4x10240,163840,8614430528
1,blk.9.ssm_dt.bias,0,F32,48,192,8614594368
1,blk.9.ssm_norm.weight,0,F32,128,512,8614594560
1,blk.9.ssm_out.weight,23,IQ4_XS,6144x2560,8355840,8614595072
1,blk.10.attn_gate.weight,23,IQ4_XS,2560x6144,8355840,8622950912
1,blk.10.attn_qkv.weight,23,IQ4_XS,2560x10240,13926400,8631306752
1,blk.10.ffn_down_exps.weight,42,Q2_0,640x2560x512,235929600,8645233152
1,blk.10.ffn_down_shexp.weight,20,IQ4_NL,640x2560,921600,8881162752
1,blk.10.ffn_gate_exps.weight,16,IQ2_XXS,2560x640x512,216268800,8882084352
1,blk.10.ffn_gate_inp.weight,30,BF16,2560x512,2621440,9098353152
1,blk.10.ffn_gate_inp_shexp.weight,30,BF16,2560,5120,9100974592
1,blk.10.ffn_gate_shexp.weight,23,IQ4_XS,2560x640,870400,9100979712
1,blk.10.ffn_up_exps.weight,16,IQ2_XXS,2560x640x512,216268800,9101850112
1,blk.10.ffn_up_shexp.weight,21,IQ3_S,2560x640,704000,9318118912
1,blk.10.hc_attn_down.weight,30,BF16,10240x320,6553600,9318822912
1,blk.10.hc_attn_inject.weight,30,BF16,10240x4,81920,9325376512
1,blk.10.hc_attn_norm.weight,0,F32,10240,40960,9325458432
1,blk.10.hc_attn_up.weight,30,BF16,320x10240,6553600,9325499392
1,blk.10.hc_ffn_down.weight,30,BF16,10240x320,6553600,9332052992
1,blk.10.hc_ffn_inject.weight,30,BF16,10240x4,81920,9338606592
1,blk.10.hc_ffn_norm.weight,0,F32,10240,40960,9338688512
1,blk.10.hc_ffn_up.weight,30,BF16,320x10240,6553600,9338729472
1,blk.10.ssm_a,0,F32,48,192,9345283072
1,blk.10.ssm_alpha.weight,30,BF16,2560x48,245760,9345283264
1,blk.10.ssm_beta.weight,30,BF16,2560x48,245760,9345529024
1,blk.10.ssm_conv1d.weight,0,F32,4x10240,163840,9345774784
1,blk.10.ssm_dt.bias,0,F32,48,192,9345938624
1,blk.10.ssm_norm.weight,0,F32,128,512,9345938816
1,blk.10.ssm_out.weight,23,IQ4_XS,6144x2560,8355840,9345939328
1,blk.11.attn_k.weight,23,IQ4_XS,2560x512,696320,9354295168
1,blk.11.attn_k_norm.weight,0,F32,256,1024,9354991488
1,blk.11.attn_output.weight,23,IQ4_XS,6144x2560,8355840,9354992512
1,blk.11.attn_q.weight,23,IQ4_XS,2560x12288,16711680,9363348352
1,blk.11.attn_q_norm.weight,0,F32,256,1024,9380060032
1,blk.11.attn_v.weight,23,IQ4_XS,2560x512,696320,9380061056
1,blk.11.ffn_down_exps.weight,42,Q2_0,640x2560x512,235929600,9380757376
1,blk.11.ffn_down_shexp.weight,42,Q2_0,640x2560,460800,9616686976
1,blk.11.ffn_gate_exps.weight,16,IQ2_XXS,2560x640x512,216268800,9617147776
1,blk.11.ffn_gate_inp.weight,30,BF16,2560x512,2621440,9833416576
1,blk.11.ffn_gate_inp_shexp.weight,30,BF16,2560,5120,9836038016
1,blk.11.ffn_gate_shexp.weight,23,IQ4_XS,2560x640,870400,9836043136
1,blk.11.ffn_up_exps.weight,16,IQ2_XXS,2560x640x512,216268800,9836913536
1,blk.11.ffn_up_shexp.weight,14,Q6_K,2560x640,1344000,10053182336
1,blk.11.hc_attn_down.weight,30,BF16,10240x320,6553600,10054526336
1,blk.11.hc_attn_inject.weight,30,BF16,10240x4,81920,10061079936
1,blk.11.hc_attn_norm.weight,0,F32,10240,40960,10061161856
1,blk.11.hc_attn_up.weight,30,BF16,320x10240,6553600,10061202816
1,blk.11.hc_ffn_down.weight,30,BF16,10240x320,6553600,10067756416
1,blk.11.hc_ffn_inject.weight,30,BF16,10240x4,81920,10074310016
1,blk.11.hc_ffn_norm.weight,0,F32,10240,40960,10074391936
1,blk.11.hc_ffn_up.weight,30,BF16,320x10240,6553600,10074432896
1,blk.11.indexer.k_norm.weight,0,F32,128,512,10080986496
1,blk.11.indexer.k_proj.weight,30,BF16,2560x128,655360,10080987008
1,blk.11.indexer.q_norm.weight,0,F32,128,512,10081642368
1,blk.11.indexer.q_proj.weight,30,BF16,2560x512,2621440,10081642880
1,blk.12.attn_gate.weight,23,IQ4_XS,2560x6144,8355840,10084264320
1,blk.12.attn_qkv.weight,23,IQ4_XS,2560x10240,13926400,10092620160
1,blk.12.ffn_down_exps.weight,42,Q2_0,640x2560x512,235929600,10106546560
1,blk.12.ffn_down_shexp.weight,20,IQ4_NL,640x2560,921600,10342476160
1,blk.12.ffn_gate_exps.weight,22,IQ2_S,2560x640x512,268697600,10343397760
1,blk.12.ffn_gate_inp.weight,30,BF16,2560x512,2621440,10612095360
1,blk.12.ffn_gate_inp_shexp.weight,30,BF16,2560,5120,10614716800
1,blk.12.ffn_gate_shexp.weight,14,Q6_K,2560x640,1344000,10614721920
1,blk.12.ffn_up_exps.weight,22,IQ2_S,2560x640x512,268697600,10616065920
1,blk.12.ffn_up_shexp.weight,21,IQ3_S,2560x640,704000,10884763520
1,blk.12.hc_attn_down.weight,30,BF16,10240x320,6553600,10885467520
1,blk.12.hc_attn_inject.weight,30,BF16,10240x4,81920,10892021120
1,blk.12.hc_attn_norm.weight,0,F32,10240,40960,10892103040
1,blk.12.hc_attn_up.weight,30,BF16,320x10240,6553600,10892144000
1,blk.12.hc_ffn_down.weight,30,BF16,10240x320,6553600,10898697600
1,blk.12.hc_ffn_inject.weight,30,BF16,10240x4,81920,10905251200
1,blk.12.hc_ffn_norm.weight,0,F32,10240,40960,10905333120
1,blk.12.hc_ffn_up.weight,30,BF16,320x10240,6553600,10905374080
1,blk.12.ssm_a,0,F32,48,192,10911927680
1,blk.12.ssm_alpha.weight,30,BF16,2560x48,245760,10911927872
1,blk.12.ssm_beta.weight,30,BF16,2560x48,245760,10912173632
1,blk.12.ssm_conv1d.weight,0,F32,4x10240,163840,10912419392
1,blk.12.ssm_dt.bias,0,F32,48,192,10912583232
1,blk.12.ssm_norm.weight,0,F32,128,512,10912583424
1,blk.12.ssm_out.weight,23,IQ4_XS,6144x2560,8355840,10912583936
1,blk.13.attn_gate.weight,23,IQ4_XS,2560x6144,8355840,10920939776
1,blk.13.attn_qkv.weight,23,IQ4_XS,2560x10240,13926400,10929295616
1,blk.13.ffn_down_exps.weight,42,Q2_0,640x2560x512,235929600,10943222016
1,blk.13.ffn_down_shexp.weight,8,Q8_0,640x2560,1740800,11179151616
1,blk.13.ffn_gate_exps.weight,29,IQ1_M,2560x640x512,183500800,11180892416
1,blk.13.ffn_gate_inp.weight,30,BF16,2560x512,2621440,11364393216
1,blk.13.ffn_gate_inp_shexp.weight,30,BF16,2560,5120,11367014656
1,blk.13.ffn_gate_shexp.weight,21,IQ3_S,2560x640,704000,11367019776
1,blk.13.ffn_up_exps.weight,29,IQ1_M,2560x640x512,183500800,11367723776
1,blk.13.ffn_up_shexp.weight,21,IQ3_S,2560x640,704000,11551224576
1,blk.13.hc_attn_down.weight,30,BF16,10240x320,6553600,11551928576
1,blk.13.hc_attn_inject.weight,30,BF16,10240x4,81920,11558482176
1,blk.13.hc_attn_norm.weight,0,F32,10240,40960,11558564096
1,blk.13.hc_attn_up.weight,30,BF16,320x10240,6553600,11558605056
1,blk.13.hc_ffn_down.weight,30,BF16,10240x320,6553600,11565158656
1,blk.13.hc_ffn_inject.weight,30,BF16,10240x4,81920,11571712256
1,blk.13.hc_ffn_norm.weight,0,F32,10240,40960,11571794176
1,blk.13.hc_ffn_up.weight,30,BF16,320x10240,6553600,11571835136
1,blk.13.ssm_a,0,F32,48,192,11578388736
1,blk.13.ssm_alpha.weight,30,BF16,2560x48,245760,11578388928
1,blk.13.ssm_beta.weight,30,BF16,2560x48,245760,11578634688
1,blk.13.ssm_conv1d.weight,0,F32,4x10240,163840,11578880448
1,blk.13.ssm_dt.bias,0,F32,48,192,11579044288
1,blk.13.ssm_norm.weight,0,F32,128,512,11579044480
1,blk.13.ssm_out.weight,23,IQ4_XS,6144x2560,8355840,11579044992
1,blk.14.attn_gate.weight,21,IQ3_S,2560x6144,6758400,11587400832
1,blk.14.attn_qkv.weight,23,IQ4_XS,2560x10240,13926400,11594159232
1,blk.14.ffn_down_exps.weight,42,Q2_0,640x2560x512,235929600,11608085632
1,blk.14.ffn_down_shexp.weight,8,Q8_0,640x2560,1740800,11844015232
1,blk.14.ffn_gate_exps.weight,16,IQ2_XXS,2560x640x512,216268800,11845756032
1,blk.14.ffn_gate_inp.weight,30,BF16,2560x512,2621440,12062024832
1,blk.14.ffn_gate_inp_shexp.weight,30,BF16,2560,5120,12064646272
1,blk.14.ffn_gate_shexp.weight,23,IQ4_XS,2560x640,870400,12064651392
1,blk.14.ffn_up_exps.weight,16,IQ2_XXS,2560x640x512,216268800,12065521792
1,blk.14.ffn_up_shexp.weight,23,IQ4_XS,2560x640,870400,12281790592
1,blk.14.hc_attn_down.weight,30,BF16,10240x320,6553600,12282660992
1,blk.14.hc_attn_inject.weight,30,BF16,10240x4,81920,12289214592
1,blk.14.hc_attn_norm.weight,0,F32,10240,40960,12289296512
1,blk.14.hc_attn_up.weight,30,BF16,320x10240,6553600,12289337472
1,blk.14.hc_ffn_down.weight,30,BF16,10240x320,6553600,12295891072
1,blk.14.hc_ffn_inject.weight,30,BF16,10240x4,81920,12302444672
1,blk.14.hc_ffn_norm.weight,0,F32,10240,40960,12302526592
1,blk.14.hc_ffn_up.weight,30,BF16,320x10240,6553600,12302567552
1,blk.14.ssm_a,0,F32,48,192,12309121152
1,blk.14.ssm_alpha.weight,30,BF16,2560x48,245760,12309121344
1,blk.14.ssm_beta.weight,30,BF16,2560x48,245760,12309367104
1,blk.14.ssm_conv1d.weight,0,F32,4x10240,163840,12309612864
1,blk.14.ssm_dt.bias,0,F32,48,192,12309776704
1,blk.14.ssm_norm.weight,0,F32,128,512,12309776896
1,blk.14.ssm_out.weight,23,IQ4_XS,6144x2560,8355840,12309777408
1,blk.15.attn_k.weight,21,IQ3_S,2560x512,563200,12318133248
1,blk.15.attn_k_norm.weight,0,F32,256,1024,12318696448
1,blk.15.attn_output.weight,14,Q6_K,6144x2560,12902400,12318697472
1,blk.15.attn_q.weight,23,IQ4_XS,2560x12288,16711680,12331599872
1,blk.15.attn_q_norm.weight,0,F32,256,1024,12348311552
1,blk.15.attn_v.weight,23,IQ4_XS,2560x512,696320,12348312576
1,blk.15.ffn_down_exps.weight,42,Q2_0,640x2560x512,235929600,12349008896
1,blk.15.ffn_down_shexp.weight,20,IQ4_NL,640x2560,921600,12584938496
1,blk.15.ffn_gate_exps.weight,22,IQ2_S,2560x640x512,268697600,12585860096
1,blk.15.ffn_gate_inp.weight,30,BF16,2560x512,2621440,12854557696
1,blk.15.ffn_gate_inp_shexp.weight,30,BF16,2560,5120,12857179136
1,blk.15.ffn_gate_shexp.weight,21,IQ3_S,2560x640,704000,12857184256
1,blk.15.ffn_up_exps.weight,22,IQ2_S,2560x640x512,268697600,12857888256
1,blk.15.ffn_up_shexp.weight,14,Q6_K,2560x640,1344000,13126585856
1,blk.15.hc_attn_down.weight,30,BF16,10240x320,6553600,13127929856
1,blk.15.hc_attn_inject.weight,30,BF16,10240x4,81920,13134483456
1,blk.15.hc_attn_norm.weight,0,F32,10240,40960,13134565376
1,blk.15.hc_attn_up.weight,30,BF16,320x10240,6553600,13134606336
1,blk.15.hc_ffn_down.weight,30,BF16,10240x320,6553600,13141159936
1,blk.15.hc_ffn_inject.weight,30,BF16,10240x4,81920,13147713536
1,blk.15.hc_ffn_norm.weight,0,F32,10240,40960,13147795456
1,blk.15.hc_ffn_up.weight,30,BF16,320x10240,6553600,13147836416
1,blk.15.indexer.k_norm.weight,0,F32,128,512,13154390016
1,blk.15.indexer.k_proj.weight,30,BF16,2560x128,655360,13154390528
1,blk.15.indexer.q_norm.weight,0,F32,128,512,13155045888
1,blk.15.indexer.q_proj.weight,30,BF16,2560x512,2621440,13155046400
1,blk.16.attn_gate.weight,23,IQ4_XS,2560x6144,8355840,13157667840
1,blk.16.attn_qkv.weight,23,IQ4_XS,2560x10240,13926400,13166023680
1,blk.16.ffn_down_exps.weight,42,Q2_0,640x2560x512,235929600,13179950080
1,blk.16.ffn_down_shexp.weight,8,Q8_0,640x2560,1740800,13415879680
1,blk.16.ffn_gate_exps.weight,22,IQ2_S,2560x640x512,268697600,13417620480
1,blk.16.ffn_gate_inp.weight,30,BF16,2560x512,2621440,13686318080
1,blk.16.ffn_gate_inp_shexp.weight,30,BF16,2560,5120,13688939520
1,blk.16.ffn_gate_shexp.weight,14,Q6_K,2560x640,1344000,13688944640
1,blk.16.ffn_up_exps.weight,22,IQ2_S,2560x640x512,268697600,13690288640
1,blk.16.ffn_up_shexp.weight,14,Q6_K,2560x640,1344000,13958986240
1,blk.16.hc_attn_down.weight,30,BF16,10240x320,6553600,13960330240
1,blk.16.hc_attn_inject.weight,30,BF16,10240x4,81920,13966883840
1,blk.16.hc_attn_norm.weight,0,F32,10240,40960,13966965760
1,blk.16.hc_attn_up.weight,30,BF16,320x10240,6553600,13967006720
1,blk.16.hc_ffn_down.weight,30,BF16,10240x320,6553600,13973560320
1,blk.16.hc_ffn_inject.weight,30,BF16,10240x4,81920,13980113920
1,blk.16.hc_ffn_norm.weight,0,F32,10240,40960,13980195840
1,blk.16.hc_ffn_up.weight,30,BF16,320x10240,6553600,13980236800
1,blk.16.ssm_a,0,F32,48,192,13986790400
1,blk.16.ssm_alpha.weight,30,BF16,2560x48,245760,13986790592
1,blk.16.ssm_beta.weight,30,BF16,2560x48,245760,13987036352
1,blk.16.ssm_conv1d.weight,0,F32,4x10240,163840,13987282112
1,blk.16.ssm_dt.bias,0,F32,48,192,13987445952
1,blk.16.ssm_norm.weight,0,F32,128,512,13987446144
1,blk.16.ssm_out.weight,23,IQ4_XS,6144x2560,8355840,13987446656
1,blk.17.attn_gate.weight,21,IQ3_S,2560x6144,6758400,13995802496
1,blk.17.attn_qkv.weight,23,IQ4_XS,2560x10240,13926400,14002560896
1,blk.17.ffn_down_exps.weight,42,Q2_0,640x2560x512,235929600,14016487296
1,blk.17.ffn_down_shexp.weight,20,IQ4_NL,640x2560,921600,14252416896
1,blk.17.ffn_gate_exps.weight,22,IQ2_S,2560x640x512,268697600,14253338496
1,blk.17.ffn_gate_inp.weight,30,BF16,2560x512,2621440,14522036096
1,blk.17.ffn_gate_inp_shexp.weight,30,BF16,2560,5120,14524657536
1,blk.17.ffn_gate_shexp.weight,23,IQ4_XS,2560x640,870400,14524662656
1,blk.17.ffn_up_exps.weight,22,IQ2_S,2560x640x512,268697600,14525533056
1,blk.17.ffn_up_shexp.weight,23,IQ4_XS,2560x640,870400,14794230656
1,blk.17.hc_attn_down.weight,30,BF16,10240x320,6553600,14795101056
1,blk.17.hc_attn_inject.weight,30,BF16,10240x4,81920,14801654656
1,blk.17.hc_attn_norm.weight,0,F32,10240,40960,14801736576
1,blk.17.hc_attn_up.weight,30,BF16,320x10240,6553600,14801777536
1,blk.17.hc_ffn_down.weight,30,BF16,10240x320,6553600,14808331136
1,blk.17.hc_ffn_inject.weight,30,BF16,10240x4,81920,14814884736
1,blk.17.hc_ffn_norm.weight,0,F32,10240,40960,14814966656
1,blk.17.hc_ffn_up.weight,30,BF16,320x10240,6553600,14815007616
1,blk.17.ssm_a,0,F32,48,192,14821561216
1,blk.17.ssm_alpha.weight,30,BF16,2560x48,245760,14821561408
1,blk.17.ssm_beta.weight,30,BF16,2560x48,245760,14821807168
1,blk.17.ssm_conv1d.weight,0,F32,4x10240,163840,14822052928
1,blk.17.ssm_dt.bias,0,F32,48,192,14822216768
1,blk.17.ssm_norm.weight,0,F32,128,512,14822216960
1,blk.17.ssm_out.weight,23,IQ4_XS,6144x2560,8355840,14822217472
1,blk.18.attn_gate.weight,23,IQ4_XS,2560x6144,8355840,14830573312
1,blk.18.attn_qkv.weight,23,IQ4_XS,2560x10240,13926400,14838929152
1,blk.18.ffn_down_exps.weight,42,Q2_0,640x2560x512,235929600,14852855552
1,blk.18.ffn_down_shexp.weight,20,IQ4_NL,640x2560,921600,15088785152
1,blk.18.ffn_gate_exps.weight,16,IQ2_XXS,2560x640x512,216268800,15089706752
1,blk.18.ffn_gate_inp.weight,30,BF16,2560x512,2621440,15305975552
1,blk.18.ffn_gate_inp_shexp.weight,30,BF16,2560,5120,15308596992
1,blk.18.ffn_gate_shexp.weight,21,IQ3_S,2560x640,704000,15308602112
1,blk.18.ffn_up_exps.weight,16,IQ2_XXS,2560x640x512,216268800,15309306112
1,blk.18.ffn_up_shexp.weight,21,IQ3_S,2560x640,704000,15525574912
1,blk.18.hc_attn_down.weight,30,BF16,10240x320,6553600,15526278912
1,blk.18.hc_attn_inject.weight,30,BF16,10240x4,81920,15532832512
1,blk.18.hc_attn_norm.weight,0,F32,10240,40960,15532914432
1,blk.18.hc_attn_up.weight,30,BF16,320x10240,6553600,15532955392
1,blk.18.hc_ffn_down.weight,30,BF16,10240x320,6553600,15539508992
1,blk.18.hc_ffn_inject.weight,30,BF16,10240x4,81920,15546062592
1,blk.18.hc_ffn_norm.weight,0,F32,10240,40960,15546144512
1,blk.18.hc_ffn_up.weight,30,BF16,320x10240,6553600,15546185472
1,blk.18.ssm_a,0,F32,48,192,15552739072
1,blk.18.ssm_alpha.weight,30,BF16,2560x48,245760,15552739264
1,blk.18.ssm_beta.weight,30,BF16,2560x48,245760,15552985024
1,blk.18.ssm_conv1d.weight,0,F32,4x10240,163840,15553230784
1,blk.18.ssm_dt.bias,0,F32,48,192,15553394624
1,blk.18.ssm_norm.weight,0,F32,128,512,15553394816
1,blk.18.ssm_out.weight,23,IQ4_XS,6144x2560,8355840,15553395328
1,blk.19.attn_k.weight,23,IQ4_XS,2560x512,696320,15561751168
1,blk.19.attn_k_norm.weight,0,F32,256,1024,15562447488
1,blk.19.attn_output.weight,23,IQ4_XS,6144x2560,8355840,15562448512
1,blk.19.attn_q.weight,23,IQ4_XS,2560x12288,16711680,15570804352
1,blk.19.attn_q_norm.weight,0,F32,256,1024,15587516032
1,blk.19.attn_v.weight,23,IQ4_XS,2560x512,696320,15587517056
1,blk.19.ffn_down_exps.weight,42,Q2_0,640x2560x512,235929600,15588213376
1,blk.19.ffn_down_shexp.weight,20,IQ4_NL,640x2560,921600,15824142976
1,blk.19.ffn_gate_exps.weight,16,IQ2_XXS,2560x640x512,216268800,15825064576
1,blk.19.ffn_gate_inp.weight,30,BF16,2560x512,2621440,16041333376
1,blk.19.ffn_gate_inp_shexp.weight,30,BF16,2560,5120,16043954816
1,blk.19.ffn_gate_shexp.weight,23,IQ4_XS,2560x640,870400,16043959936
1,blk.19.ffn_up_exps.weight,16,IQ2_XXS,2560x640x512,216268800,16044830336
1,blk.19.ffn_up_shexp.weight,21,IQ3_S,2560x640,704000,16261099136
1,blk.19.hc_attn_down.weight,30,BF16,10240x320,6553600,16261803136
1,blk.19.hc_attn_inject.weight,30,BF16,10240x4,81920,16268356736
1,blk.19.hc_attn_norm.weight,0,F32,10240,40960,16268438656
1,blk.19.hc_attn_up.weight,30,BF16,320x10240,6553600,16268479616
1,blk.19.hc_ffn_down.weight,30,BF16,10240x320,6553600,16275033216
1,blk.19.hc_ffn_inject.weight,30,BF16,10240x4,81920,16281586816
1,blk.19.hc_ffn_norm.weight,0,F32,10240,40960,16281668736
1,blk.19.hc_ffn_up.weight,30,BF16,320x10240,6553600,16281709696
1,blk.19.indexer.k_norm.weight,0,F32,128,512,16288263296
1,blk.19.indexer.k_proj.weight,30,BF16,2560x128,655360,16288263808
1,blk.19.indexer.q_norm.weight,0,F32,128,512,16288919168
1,blk.19.indexer.q_proj.weight,30,BF16,2560x512,2621440,16288919680
1,blk.20.attn_gate.weight,23,IQ4_XS,2560x6144,8355840,16291541120
1,blk.20.attn_qkv.weight,23,IQ4_XS,2560x10240,13926400,16299896960
1,blk.20.ffn_down_exps.weight,42,Q2_0,640x2560x512,235929600,16313823360
1,blk.20.ffn_down_shexp.weight,8,Q8_0,640x2560,1740800,16549752960
1,blk.20.ffn_gate_exps.weight,22,IQ2_S,2560x640x512,268697600,16551493760
1,blk.20.ffn_gate_inp.weight,30,BF16,2560x512,2621440,16820191360
1,blk.20.ffn_gate_inp_shexp.weight,30,BF16,2560,5120,16822812800
1,blk.20.ffn_gate_shexp.weight,23,IQ4_XS,2560x640,870400,16822817920
1,blk.20.ffn_up_exps.weight,22,IQ2_S,2560x640x512,268697600,16823688320
1,blk.20.ffn_up_shexp.weight,23,IQ4_XS,2560x640,870400,17092385920
1,blk.20.hc_attn_down.weight,30,BF16,10240x320,6553600,17093256320
1,blk.20.hc_attn_inject.weight,30,BF16,10240x4,81920,17099809920
1,blk.20.hc_attn_norm.weight,0,F32,10240,40960,17099891840
1,blk.20.hc_attn_up.weight,30,BF16,320x10240,6553600,17099932800
1,blk.20.hc_ffn_down.weight,30,BF16,10240x320,6553600,17106486400
1,blk.20.hc_ffn_inject.weight,30,BF16,10240x4,81920,17113040000
1,blk.20.hc_ffn_norm.weight,0,F32,10240,40960,17113121920
1,blk.20.hc_ffn_up.weight,30,BF16,320x10240,6553600,17113162880
1,blk.20.ssm_a,0,F32,48,192,17119716480
1,blk.20.ssm_alpha.weight,30,BF16,2560x48,245760,17119716672
1,blk.20.ssm_beta.weight,30,BF16,2560x48,245760,17119962432
1,blk.20.ssm_conv1d.weight,0,F32,4x10240,163840,17120208192
1,blk.20.ssm_dt.bias,0,F32,48,192,17120372032
1,blk.20.ssm_norm.weight,0,F32,128,512,17120372224
1,blk.20.ssm_out.weight,23,IQ4_XS,6144x2560,8355840,17120372736
1,blk.21.attn_gate.weight,21,IQ3_S,2560x6144,6758400,17128728576
1,blk.21.attn_qkv.weight,23,IQ4_XS,2560x10240,13926400,17135486976
1,blk.21.ffn_down_exps.weight,42,Q2_0,640x2560x512,235929600,17149413376
1,blk.21.ffn_down_shexp.weight,8,Q8_0,640x2560,1740800,17385342976
1,blk.21.ffn_gate_exps.weight,22,IQ2_S,2560x640x512,268697600,17387083776
1,blk.21.ffn_gate_inp.weight,30,BF16,2560x512,2621440,17655781376
1,blk.21.ffn_gate_inp_shexp.weight,30,BF16,2560,5120,17658402816
1,blk.21.ffn_gate_shexp.weight,23,IQ4_XS,2560x640,870400,17658407936
1,blk.21.ffn_up_exps.weight,22,IQ2_S,2560x640x512,268697600,17659278336
1,blk.21.ffn_up_shexp.weight,21,IQ3_S,2560x640,704000,17927975936
1,blk.21.hc_attn_down.weight,30,BF16,10240x320,6553600,17928679936
1,blk.21.hc_attn_inject.weight,30,BF16,10240x4,81920,17935233536
1,blk.21.hc_attn_norm.weight,0,F32,10240,40960,17935315456
1,blk.21.hc_attn_up.weight,30,BF16,320x10240,6553600,17935356416
1,blk.21.hc_ffn_down.weight,30,BF16,10240x320,6553600,17941910016
1,blk.21.hc_ffn_inject.weight,30,BF16,10240x4,81920,17948463616
1,blk.21.hc_ffn_norm.weight,0,F32,10240,40960,17948545536
1,blk.21.hc_ffn_up.weight,30,BF16,320x10240,6553600,17948586496
1,blk.21.ssm_a,0,F32,48,192,17955140096
1,blk.21.ssm_alpha.weight,30,BF16,2560x48,245760,17955140288
1,blk.21.ssm_beta.weight,30,BF16,2560x48,245760,17955386048
1,blk.21.ssm_conv1d.weight,0,F32,4x10240,163840,17955631808
1,blk.21.ssm_dt.bias,0,F32,48,192,17955795648
1,blk.21.ssm_norm.weight,0,F32,128,512,17955795840
1,blk.21.ssm_out.weight,21,IQ3_S,6144x2560,6758400,17955796352
1,blk.22.attn_gate.weight,21,IQ3_S,2560x6144,6758400,17962554752
1,blk.22.attn_qkv.weight,23,IQ4_XS,2560x10240,13926400,17969313152
1,blk.22.ffn_down_exps.weight,42,Q2_0,640x2560x512,235929600,17983239552
1,blk.22.ffn_down_shexp.weight,42,Q2_0,640x2560,460800,18219169152
1,blk.22.ffn_gate_exps.weight,22,IQ2_S,2560x640x512,268697600,18219629952
1,blk.22.ffn_gate_inp.weight,30,BF16,2560x512,2621440,18488327552
1,blk.22.ffn_gate_inp_shexp.weight,30,BF16,2560,5120,18490948992
1,blk.22.ffn_gate_shexp.weight,23,IQ4_XS,2560x640,870400,18490954112
1,blk.22.ffn_up_exps.weight,22,IQ2_S,2560x640x512,268697600,18491824512
1,blk.22.ffn_up_shexp.weight,23,IQ4_XS,2560x640,870400,18760522112
1,blk.22.hc_attn_down.weight,30,BF16,10240x320,6553600,18761392512
1,blk.22.hc_attn_inject.weight,30,BF16,10240x4,81920,18767946112
1,blk.22.hc_attn_norm.weight,0,F32,10240,40960,18768028032
1,blk.22.hc_attn_up.weight,30,BF16,320x10240,6553600,18768068992
1,blk.22.hc_ffn_down.weight,30,BF16,10240x320,6553600,18774622592
1,blk.22.hc_ffn_inject.weight,30,BF16,10240x4,81920,18781176192
1,blk.22.hc_ffn_norm.weight,0,F32,10240,40960,18781258112
1,blk.22.hc_ffn_up.weight,30,BF16,320x10240,6553600,18781299072
1,blk.22.ssm_a,0,F32,48,192,18787852672
1,blk.22.ssm_alpha.weight,30,BF16,2560x48,245760,18787852864
1,blk.22.ssm_beta.weight,30,BF16,2560x48,245760,18788098624
1,blk.22.ssm_conv1d.weight,0,F32,4x10240,163840,18788344384
1,blk.22.ssm_dt.bias,0,F32,48,192,18788508224
1,blk.22.ssm_norm.weight,0,F32,128,512,18788508416
1,blk.22.ssm_out.weight,23,IQ4_XS,6144x2560,8355840,18788508928
1,blk.23.attn_k.weight,23,IQ4_XS,2560x512,696320,18796864768
1,blk.23.attn_k_norm.weight,0,F32,256,1024,18797561088
1,blk.23.attn_output.weight,23,IQ4_XS,6144x2560,8355840,18797562112
1,blk.23.attn_q.weight,23,IQ4_XS,2560x12288,16711680,18805917952
1,blk.23.attn_q_norm.weight,0,F32,256,1024,18822629632
1,blk.23.attn_v.weight,14,Q6_K,2560x512,1075200,18822630656
1,blk.23.ffn_down_exps.weight,42,Q2_0,640x2560x512,235929600,18823705856
1,blk.23.ffn_down_shexp.weight,20,IQ4_NL,640x2560,921600,19059635456
1,blk.23.ffn_gate_exps.weight,22,IQ2_S,2560x640x512,268697600,19060557056
1,blk.23.ffn_gate_inp.weight,30,BF16,2560x512,2621440,19329254656
1,blk.23.ffn_gate_inp_shexp.weight,30,BF16,2560,5120,19331876096
1,blk.23.ffn_gate_shexp.weight,21,IQ3_S,2560x640,704000,19331881216
1,blk.23.ffn_up_exps.weight,22,IQ2_S,2560x640x512,268697600,19332585216
1,blk.23.ffn_up_shexp.weight,23,IQ4_XS,2560x640,870400,19601282816
1,blk.23.hc_attn_down.weight,30,BF16,10240x320,6553600,19602153216
1,blk.23.hc_attn_inject.weight,30,BF16,10240x4,81920,19608706816
1,blk.23.hc_attn_norm.weight,0,F32,10240,40960,19608788736
1,blk.23.hc_attn_up.weight,30,BF16,320x10240,6553600,19608829696
1,blk.23.hc_ffn_down.weight,30,BF16,10240x320,6553600,19615383296
1,blk.23.hc_ffn_inject.weight,30,BF16,10240x4,81920,19621936896
1,blk.23.hc_ffn_norm.weight,0,F32,10240,40960,19622018816
1,blk.23.hc_ffn_up.weight,30,BF16,320x10240,6553600,19622059776
1,blk.23.indexer.k_norm.weight,0,F32,128,512,19628613376
1,blk.23.indexer.k_proj.weight,30,BF16,2560x128,655360,19628613888
1,blk.23.indexer.q_norm.weight,0,F32,128,512,19629269248
1,blk.23.indexer.q_proj.weight,30,BF16,2560x512,2621440,19629269760
1,blk.24.attn_gate.weight,14,Q6_K,2560x6144,12902400,19631891200
1,blk.24.attn_qkv.weight,23,IQ4_XS,2560x10240,13926400,19644793600
1,blk.24.ffn_down_exps.weight,42,Q2_0,640x2560x512,235929600,19658720000
1,blk.24.ffn_down_shexp.weight,20,IQ4_NL,640x2560,921600,19894649600
1,blk.24.ffn_gate_exps.weight,22,IQ2_S,2560x640x512,268697600,19895571200
1,blk.24.ffn_gate_inp.weight,30,BF16,2560x512,2621440,20164268800
1,blk.24.ffn_gate_inp_shexp.weight,30,BF16,2560,5120,20166890240
1,blk.24.ffn_gate_shexp.weight,23,IQ4_XS,2560x640,870400,20166895360
1,blk.24.ffn_up_exps.weight,22,IQ2_S,2560x640x512,268697600,20167765760
1,blk.24.ffn_up_shexp.weight,23,IQ4_XS,2560x640,870400,20436463360
1,blk.24.hc_attn_down.weight,30,BF16,10240x320,6553600,20437333760
1,blk.24.hc_attn_inject.weight,30,BF16,10240x4,81920,20443887360
1,blk.24.hc_attn_norm.weight,0,F32,10240,40960,20443969280
1,blk.24.hc_attn_up.weight,30,BF16,320x10240,6553600,20444010240
1,blk.24.hc_ffn_down.weight,30,BF16,10240x320,6553600,20450563840
1,blk.24.hc_ffn_inject.weight,30,BF16,10240x4,81920,20457117440
1,blk.24.hc_ffn_norm.weight,0,F32,10240,40960,20457199360
1,blk.24.hc_ffn_up.weight,30,BF16,320x10240,6553600,20457240320
1,blk.24.ssm_a,0,F32,48,192,20463793920
1,blk.24.ssm_alpha.weight,30,BF16,2560x48,245760,20463794112
1,blk.24.ssm_beta.weight,30,BF16,2560x48,245760,20464039872
1,blk.24.ssm_conv1d.weight,0,F32,4x10240,163840,20464285632
1,blk.24.ssm_dt.bias,0,F32,48,192,20464449472
1,blk.24.ssm_norm.weight,0,F32,128,512,20464449664
1,blk.24.ssm_out.weight,21,IQ3_S,6144x2560,6758400,20464450176
1,blk.25.attn_gate.weight,14,Q6_K,2560x6144,12902400,20471208576
1,blk.25.attn_qkv.weight,23,IQ4_XS,2560x10240,13926400,20484110976
1,blk.25.ffn_down_exps.weight,42,Q2_0,640x2560x512,235929600,20498037376
1,blk.25.ffn_down_shexp.weight,20,IQ4_NL,640x2560,921600,20733966976
1,blk.25.ffn_gate_exps.weight,22,IQ2_S,2560x640x512,268697600,20734888576
1,blk.25.ffn_gate_inp.weight,30,BF16,2560x512,2621440,21003586176
1,blk.25.ffn_gate_inp_shexp.weight,30,BF16,2560,5120,21006207616
1,blk.25.ffn_gate_shexp.weight,21,IQ3_S,2560x640,704000,21006212736
1,blk.25.ffn_up_exps.weight,22,IQ2_S,2560x640x512,268697600,21006916736
1,blk.25.ffn_up_shexp.weight,23,IQ4_XS,2560x640,870400,21275614336
1,blk.25.hc_attn_down.weight,30,BF16,10240x320,6553600,21276484736
1,blk.25.hc_attn_inject.weight,30,BF16,10240x4,81920,21283038336
1,blk.25.hc_attn_norm.weight,0,F32,10240,40960,21283120256
1,blk.25.hc_attn_up.weight,30,BF16,320x10240,6553600,21283161216
1,blk.25.hc_ffn_down.weight,30,BF16,10240x320,6553600,21289714816
1,blk.25.hc_ffn_inject.weight,30,BF16,10240x4,81920,21296268416
1,blk.25.hc_ffn_norm.weight,0,F32,10240,40960,21296350336
1,blk.25.hc_ffn_up.weight,30,BF16,320x10240,6553600,21296391296
1,blk.25.ssm_a,0,F32,48,192,21302944896
1,blk.25.ssm_alpha.weight,30,BF16,2560x48,245760,21302945088
1,blk.25.ssm_beta.weight,30,BF16,2560x48,245760,21303190848
1,blk.25.ssm_conv1d.weight,0,F32,4x10240,163840,21303436608
1,blk.25.ssm_dt.bias,0,F32,48,192,21303600448
1,blk.25.ssm_norm.weight,0,F32,128,512,21303600640
1,blk.25.ssm_out.weight,23,IQ4_XS,6144x2560,8355840,21303601152
1,blk.26.attn_gate.weight,21,IQ3_S,2560x6144,6758400,21311956992
1,blk.26.attn_qkv.weight,23,IQ4_XS,2560x10240,13926400,21318715392
1,blk.26.ffn_down_exps.weight,42,Q2_0,640x2560x512,235929600,21332641792
1,blk.26.ffn_down_shexp.weight,20,IQ4_NL,640x2560,921600,21568571392
1,blk.26.ffn_gate_exps.weight,22,IQ2_S,2560x640x512,268697600,21569492992
1,blk.26.ffn_gate_inp.weight,30,BF16,2560x512,2621440,21838190592
1,blk.26.ffn_gate_inp_shexp.weight,30,BF16,2560,5120,21840812032
1,blk.26.ffn_gate_shexp.weight,23,IQ4_XS,2560x640,870400,21840817152
1,blk.26.ffn_up_exps.weight,22,IQ2_S,2560x640x512,268697600,21841687552
1,blk.26.ffn_up_shexp.weight,21,IQ3_S,2560x640,704000,22110385152
1,blk.26.hc_attn_down.weight,30,BF16,10240x320,6553600,22111089152
1,blk.26.hc_attn_inject.weight,30,BF16,10240x4,81920,22117642752
1,blk.26.hc_attn_norm.weight,0,F32,10240,40960,22117724672
1,blk.26.hc_attn_up.weight,30,BF16,320x10240,6553600,22117765632
1,blk.26.hc_ffn_down.weight,30,BF16,10240x320,6553600,22124319232
1,blk.26.hc_ffn_inject.weight,30,BF16,10240x4,81920,22130872832
1,blk.26.hc_ffn_norm.weight,0,F32,10240,40960,22130954752
1,blk.26.hc_ffn_up.weight,30,BF16,320x10240,6553600,22130995712
1,blk.26.ssm_a,0,F32,48,192,22137549312
1,blk.26.ssm_alpha.weight,30,BF16,2560x48,245760,22137549504
1,blk.26.ssm_beta.weight,30,BF16,2560x48,245760,22137795264
1,blk.26.ssm_conv1d.weight,0,F32,4x10240,163840,22138041024
1,blk.26.ssm_dt.bias,0,F32,48,192,22138204864
1,blk.26.ssm_norm.weight,0,F32,128,512,22138205056
1,blk.26.ssm_out.weight,23,IQ4_XS,6144x2560,8355840,22138205568
1,blk.27.attn_k.weight,23,IQ4_XS,2560x512,696320,22146561408
1,blk.27.attn_k_norm.weight,0,F32,256,1024,22147257728
1,blk.27.attn_output.weight,23,IQ4_XS,6144x2560,8355840,22147258752
1,blk.27.attn_q.weight,23,IQ4_XS,2560x12288,16711680,22155614592
1,blk.27.attn_q_norm.weight,0,F32,256,1024,22172326272
1,blk.27.attn_v.weight,23,IQ4_XS,2560x512,696320,22172327296
1,blk.27.ffn_down_exps.weight,42,Q2_0,640x2560x512,235929600,22173023616
1,blk.27.ffn_down_shexp.weight,20,IQ4_NL,640x2560,921600,22408953216
1,blk.27.ffn_gate_exps.weight,16,IQ2_XXS,2560x640x512,216268800,22409874816
1,blk.27.ffn_gate_inp.weight,30,BF16,2560x512,2621440,22626143616
1,blk.27.ffn_gate_inp_shexp.weight,30,BF16,2560,5120,22628765056
1,blk.27.ffn_gate_shexp.weight,14,Q6_K,2560x640,1344000,22628770176
1,blk.27.ffn_up_exps.weight,16,IQ2_XXS,2560x640x512,216268800,22630114176
1,blk.27.ffn_up_shexp.weight,21,IQ3_S,2560x640,704000,22846382976
1,blk.27.hc_attn_down.weight,30,BF16,10240x320,6553600,22847086976
1,blk.27.hc_attn_inject.weight,30,BF16,10240x4,81920,22853640576
1,blk.27.hc_attn_norm.weight,0,F32,10240,40960,22853722496
1,blk.27.hc_attn_up.weight,30,BF16,320x10240,6553600,22853763456
1,blk.27.hc_ffn_down.weight,30,BF16,10240x320,6553600,22860317056
1,blk.27.hc_ffn_inject.weight,30,BF16,10240x4,81920,22866870656
1,blk.27.hc_ffn_norm.weight,0,F32,10240,40960,22866952576
1,blk.27.hc_ffn_up.weight,30,BF16,320x10240,6553600,22866993536
1,blk.27.indexer.k_norm.weight,0,F32,128,512,22873547136
1,blk.27.indexer.k_proj.weight,30,BF16,2560x128,655360,22873547648
1,blk.27.indexer.q_norm.weight,0,F32,128,512,22874203008
1,blk.27.indexer.q_proj.weight,30,BF16,2560x512,2621440,22874203520
1,blk.28.attn_gate.weight,23,IQ4_XS,2560x6144,8355840,22876824960
1,blk.28.attn_qkv.weight,23,IQ4_XS,2560x10240,13926400,22885180800
1,blk.28.ffn_down_exps.weight,42,Q2_0,640x2560x512,235929600,22899107200
1,blk.28.ffn_down_shexp.weight,20,IQ4_NL,640x2560,921600,23135036800
1,blk.28.ffn_gate_exps.weight,22,IQ2_S,2560x640x512,268697600,23135958400
1,blk.28.ffn_gate_inp.weight,30,BF16,2560x512,2621440,23404656000
1,blk.28.ffn_gate_inp_shexp.weight,30,BF16,2560,5120,23407277440
1,blk.28.ffn_gate_shexp.weight,21,IQ3_S,2560x640,704000,23407282560
1,blk.28.ffn_up_exps.weight,22,IQ2_S,2560x640x512,268697600,23407986560
1,blk.28.ffn_up_shexp.weight,14,Q6_K,2560x640,1344000,23676684160
1,blk.28.hc_attn_down.weight,30,BF16,10240x320,6553600,23678028160
1,blk.28.hc_attn_inject.weight,30,BF16,10240x4,81920,23684581760
1,blk.28.hc_attn_norm.weight,0,F32,10240,40960,23684663680
1,blk.28.hc_attn_up.weight,30,BF16,320x10240,6553600,23684704640
1,blk.28.hc_ffn_down.weight,30,BF16,10240x320,6553600,23691258240
1,blk.28.hc_ffn_inject.weight,30,BF16,10240x4,81920,23697811840
1,blk.28.hc_ffn_norm.weight,0,F32,10240,40960,23697893760
1,blk.28.hc_ffn_up.weight,30,BF16,320x10240,6553600,23697934720
1,blk.28.ssm_a,0,F32,48,192,23704488320
1,blk.28.ssm_alpha.weight,30,BF16,2560x48,245760,23704488512
1,blk.28.ssm_beta.weight,30,BF16,2560x48,245760,23704734272
1,blk.28.ssm_conv1d.weight,0,F32,4x10240,163840,23704980032
1,blk.28.ssm_dt.bias,0,F32,48,192,23705143872
1,blk.28.ssm_norm.weight,0,F32,128,512,23705144064
1,blk.28.ssm_out.weight,23,IQ4_XS,6144x2560,8355840,23705144576
1,blk.29.attn_gate.weight,23,IQ4_XS,2560x6144,8355840,23713500416
1,blk.29.attn_qkv.weight,23,IQ4_XS,2560x10240,13926400,23721856256
1,blk.29.ffn_down_exps.weight,42,Q2_0,640x2560x512,235929600,23735782656
1,blk.29.ffn_down_shexp.weight,20,IQ4_NL,640x2560,921600,23971712256
1,blk.29.ffn_gate_exps.weight,16,IQ2_XXS,2560x640x512,216268800,23972633856
1,blk.29.ffn_gate_inp.weight,30,BF16,2560x512,2621440,24188902656
1,blk.29.ffn_gate_inp_shexp.weight,30,BF16,2560,5120,24191524096
1,blk.29.ffn_gate_shexp.weight,23,IQ4_XS,2560x640,870400,24191529216
1,blk.29.ffn_up_exps.weight,16,IQ2_XXS,2560x640x512,216268800,24192399616
1,blk.29.ffn_up_shexp.weight,23,IQ4_XS,2560x640,870400,24408668416
1,blk.29.hc_attn_down.weight,30,BF16,10240x320,6553600,24409538816
1,blk.29.hc_attn_inject.weight,30,BF16,10240x4,81920,24416092416
1,blk.29.hc_attn_norm.weight,0,F32,10240,40960,24416174336
1,blk.29.hc_attn_up.weight,30,BF16,320x10240,6553600,24416215296
1,blk.29.hc_ffn_down.weight,30,BF16,10240x320,6553600,24422768896
1,blk.29.hc_ffn_inject.weight,30,BF16,10240x4,81920,24429322496
1,blk.29.hc_ffn_norm.weight,0,F32,10240,40960,24429404416
1,blk.29.hc_ffn_up.weight,30,BF16,320x10240,6553600,24429445376
1,blk.29.ssm_a,0,F32,48,192,24435998976
1,blk.29.ssm_alpha.weight,30,BF16,2560x48,245760,24435999168
1,blk.29.ssm_beta.weight,30,BF16,2560x48,245760,24436244928
1,blk.29.ssm_conv1d.weight,0,F32,4x10240,163840,24436490688
1,blk.29.ssm_dt.bias,0,F32,48,192,24436654528
1,blk.29.ssm_norm.weight,0,F32,128,512,24436654720
1,blk.29.ssm_out.weight,21,IQ3_S,6144x2560,6758400,24436655232
1,blk.30.attn_gate.weight,23,IQ4_XS,2560x6144,8355840,24443413632
1,blk.30.attn_qkv.weight,23,IQ4_XS,2560x10240,13926400,24451769472
1,blk.30.ffn_down_exps.weight,42,Q2_0,640x2560x512,235929600,24465695872
1,blk.30.ffn_down_shexp.weight,42,Q2_0,640x2560,460800,24701625472
1,blk.30.ffn_gate_exps.weight,16,IQ2_XXS,2560x640x512,216268800,24702086272
1,blk.30.ffn_gate_inp.weight,30,BF16,2560x512,2621440,24918355072
1,blk.30.ffn_gate_inp_shexp.weight,30,BF16,2560,5120,24920976512
1,blk.30.ffn_gate_shexp.weight,23,IQ4_XS,2560x640,870400,24920981632
1,blk.30.ffn_up_exps.weight,16,IQ2_XXS,2560x640x512,216268800,24921852032
1,blk.30.ffn_up_shexp.weight,23,IQ4_XS,2560x640,870400,25138120832
1,blk.30.hc_attn_down.weight,30,BF16,10240x320,6553600,25138991232
1,blk.30.hc_attn_inject.weight,30,BF16,10240x4,81920,25145544832
1,blk.30.hc_attn_norm.weight,0,F32,10240,40960,25145626752
1,blk.30.hc_attn_up.weight,30,BF16,320x10240,6553600,25145667712
1,blk.30.hc_ffn_down.weight,30,BF16,10240x320,6553600,25152221312
1,blk.30.hc_ffn_inject.weight,30,BF16,10240x4,81920,25158774912
1,blk.30.hc_ffn_norm.weight,0,F32,10240,40960,25158856832
1,blk.30.hc_ffn_up.weight,30,BF16,320x10240,6553600,25158897792
1,blk.30.ssm_a,0,F32,48,192,25165451392
1,blk.30.ssm_alpha.weight,30,BF16,2560x48,245760,25165451584
1,blk.30.ssm_beta.weight,30,BF16,2560x48,245760,25165697344
1,blk.30.ssm_conv1d.weight,0,F32,4x10240,163840,25165943104
1,blk.30.ssm_dt.bias,0,F32,48,192,25166106944
1,blk.30.ssm_norm.weight,0,F32,128,512,25166107136
1,blk.30.ssm_out.weight,23,IQ4_XS,6144x2560,8355840,25166107648
1,blk.31.attn_k.weight,23,IQ4_XS,2560x512,696320,25174463488
1,blk.31.attn_k_norm.weight,0,F32,256,1024,25175159808
1,blk.31.attn_output.weight,23,IQ4_XS,6144x2560,8355840,25175160832
1,blk.31.attn_q.weight,23,IQ4_XS,2560x12288,16711680,25183516672
1,blk.31.attn_q_norm.weight,0,F32,256,1024,25200228352
1,blk.31.attn_v.weight,14,Q6_K,2560x512,1075200,25200229376
1,blk.31.ffn_down_exps.weight,42,Q2_0,640x2560x512,235929600,25201304576
1,blk.31.ffn_down_shexp.weight,20,IQ4_NL,640x2560,921600,25437234176
1,blk.31.ffn_gate_exps.weight,22,IQ2_S,2560x640x512,268697600,25438155776
1,blk.31.ffn_gate_inp.weight,30,BF16,2560x512,2621440,25706853376
1,blk.31.ffn_gate_inp_shexp.weight,30,BF16,2560,5120,25709474816
1,blk.31.ffn_gate_shexp.weight,23,IQ4_XS,2560x640,870400,25709479936
1,blk.31.ffn_up_exps.weight,22,IQ2_S,2560x640x512,268697600,25710350336
1,blk.31.ffn_up_shexp.weight,21,IQ3_S,2560x640,704000,25979047936
1,blk.31.hc_attn_down.weight,30,BF16,10240x320,6553600,25979751936
1,blk.31.hc_attn_inject.weight,30,BF16,10240x4,81920,25986305536
1,blk.31.hc_attn_norm.weight,0,F32,10240,40960,25986387456
1,blk.31.hc_attn_up.weight,30,BF16,320x10240,6553600,25986428416
1,blk.31.hc_ffn_down.weight,30,BF16,10240x320,6553600,25992982016
1,blk.31.hc_ffn_inject.weight,30,BF16,10240x4,81920,25999535616
1,blk.31.hc_ffn_norm.weight,0,F32,10240,40960,25999617536
1,blk.31.hc_ffn_up.weight,30,BF16,320x10240,6553600,25999658496
1,blk.31.indexer.k_norm.weight,0,F32,128,512,26006212096
1,blk.31.indexer.k_proj.weight,30,BF16,2560x128,655360,26006212608
1,blk.31.indexer.q_norm.weight,0,F32,128,512,26006867968
1,blk.31.indexer.q_proj.weight,30,BF16,2560x512,2621440,26006868480
1,blk.32.attn_gate.weight,23,IQ4_XS,2560x6144,8355840,26009489920
1,blk.32.attn_qkv.weight,23,IQ4_XS,2560x10240,13926400,26017845760
1,blk.32.ffn_down_exps.weight,42,Q2_0,640x2560x512,235929600,26031772160
1,blk.32.ffn_down_shexp.weight,20,IQ4_NL,640x2560,921600,26267701760
1,blk.32.ffn_gate_exps.weight,22,IQ2_S,2560x640x512,268697600,26268623360
1,blk.32.ffn_gate_inp.weight,30,BF16,2560x512,2621440,26537320960
1,blk.32.ffn_gate_inp_shexp.weight,30,BF16,2560,5120,26539942400
1,blk.32.ffn_gate_shexp.weight,23,IQ4_XS,2560x640,870400,26539947520
1,blk.32.ffn_up_exps.weight,22,IQ2_S,2560x640x512,268697600,26540817920
1,blk.32.ffn_up_shexp.weight,14,Q6_K,2560x640,1344000,26809515520
1,blk.32.hc_attn_down.weight,30,BF16,10240x320,6553600,26810859520
1,blk.32.hc_attn_inject.weight,30,BF16,10240x4,81920,26817413120
1,blk.32.hc_attn_norm.weight,0,F32,10240,40960,26817495040
1,blk.32.hc_attn_up.weight,30,BF16,320x10240,6553600,26817536000
1,blk.32.hc_ffn_down.weight,30,BF16,10240x320,6553600,26824089600
1,blk.32.hc_ffn_inject.weight,30,BF16,10240x4,81920,26830643200
1,blk.32.hc_ffn_norm.weight,0,F32,10240,40960,26830725120
1,blk.32.hc_ffn_up.weight,30,BF16,320x10240,6553600,26830766080
1,blk.32.ssm_a,0,F32,48,192,26837319680
1,blk.32.ssm_alpha.weight,30,BF16,2560x48,245760,26837319872
1,blk.32.ssm_beta.weight,30,BF16,2560x48,245760,26837565632
1,blk.32.ssm_conv1d.weight,0,F32,4x10240,163840,26837811392
1,blk.32.ssm_dt.bias,0,F32,48,192,26837975232
1,blk.32.ssm_norm.weight,0,F32,128,512,26837975424
1,blk.32.ssm_out.weight,23,IQ4_XS,6144x2560,8355840,26837975936
1,blk.33.attn_gate.weight,21,IQ3_S,2560x6144,6758400,26846331776
1,blk.33.attn_qkv.weight,23,IQ4_XS,2560x10240,13926400,26853090176
1,blk.33.ffn_down_exps.weight,42,Q2_0,640x2560x512,235929600,26867016576
1,blk.33.ffn_down_shexp.weight,20,IQ4_NL,640x2560,921600,27102946176
1,blk.33.ffn_gate_exps.weight,22,IQ2_S,2560x640x512,268697600,27103867776
1,blk.33.ffn_gate_inp.weight,30,BF16,2560x512,2621440,27372565376
1,blk.33.ffn_gate_inp_shexp.weight,30,BF16,2560,5120,27375186816
1,blk.33.ffn_gate_shexp.weight,23,IQ4_XS,2560x640,870400,27375191936
1,blk.33.ffn_up_exps.weight,22,IQ2_S,2560x640x512,268697600,27376062336
1,blk.33.ffn_up_shexp.weight,23,IQ4_XS,2560x640,870400,27644759936
1,blk.33.hc_attn_down.weight,30,BF16,10240x320,6553600,27645630336
1,blk.33.hc_attn_inject.weight,30,BF16,10240x4,81920,27652183936
1,blk.33.hc_attn_norm.weight,0,F32,10240,40960,27652265856
1,blk.33.hc_attn_up.weight,30,BF16,320x10240,6553600,27652306816
1,blk.33.hc_ffn_down.weight,30,BF16,10240x320,6553600,27658860416
1,blk.33.hc_ffn_inject.weight,30,BF16,10240x4,81920,27665414016
1,blk.33.hc_ffn_norm.weight,0,F32,10240,40960,27665495936
1,blk.33.hc_ffn_up.weight,30,BF16,320x10240,6553600,27665536896
1,blk.33.ssm_a,0,F32,48,192,27672090496
1,blk.33.ssm_alpha.weight,30,BF16,2560x48,245760,27672090688
1,blk.33.ssm_beta.weight,30,BF16,2560x48,245760,27672336448
1,blk.33.ssm_conv1d.weight,0,F32,4x10240,163840,27672582208
1,blk.33.ssm_dt.bias,0,F32,48,192,27672746048
1,blk.33.ssm_norm.weight,0,F32,128,512,27672746240
1,blk.33.ssm_out.weight,14,Q6_K,6144x2560,12902400,27672746752
1,blk.34.attn_gate.weight,23,IQ4_XS,2560x6144,8355840,27685649152
1,blk.34.attn_qkv.weight,23,IQ4_XS,2560x10240,13926400,27694004992
1,blk.34.ffn_down_exps.weight,42,Q2_0,640x2560x512,235929600,27707931392
1,blk.34.ffn_down_shexp.weight,20,IQ4_NL,640x2560,921600,27943860992
1,blk.34.ffn_gate_exps.weight,22,IQ2_S,2560x640x512,268697600,27944782592
1,blk.34.ffn_gate_inp.weight,30,BF16,2560x512,2621440,28213480192
1,blk.34.ffn_gate_inp_shexp.weight,30,BF16,2560,5120,28216101632
1,blk.34.ffn_gate_shexp.weight,23,IQ4_XS,2560x640,870400,28216106752
1,blk.34.ffn_up_exps.weight,22,IQ2_S,2560x640x512,268697600,28216977152
1,blk.34.ffn_up_shexp.weight,23,IQ4_XS,2560x640,870400,28485674752
1,blk.34.hc_attn_down.weight,30,BF16,10240x320,6553600,28486545152
1,blk.34.hc_attn_inject.weight,30,BF16,10240x4,81920,28493098752
1,blk.34.hc_attn_norm.weight,0,F32,10240,40960,28493180672
1,blk.34.hc_attn_up.weight,30,BF16,320x10240,6553600,28493221632
1,blk.34.hc_ffn_down.weight,30,BF16,10240x320,6553600,28499775232
1,blk.34.hc_ffn_inject.weight,30,BF16,10240x4,81920,28506328832
1,blk.34.hc_ffn_norm.weight,0,F32,10240,40960,28506410752
1,blk.34.hc_ffn_up.weight,30,BF16,320x10240,6553600,28506451712
1,blk.34.ssm_a,0,F32,48,192,28513005312
1,blk.34.ssm_alpha.weight,30,BF16,2560x48,245760,28513005504
1,blk.34.ssm_beta.weight,30,BF16,2560x48,245760,28513251264
1,blk.34.ssm_conv1d.weight,0,F32,4x10240,163840,28513497024
1,blk.34.ssm_dt.bias,0,F32,48,192,28513660864
1,blk.34.ssm_norm.weight,0,F32,128,512,28513661056
1,blk.34.ssm_out.weight,23,IQ4_XS,6144x2560,8355840,28513661568
1,blk.35.attn_k.weight,23,IQ4_XS,2560x512,696320,28522017408
1,blk.35.attn_k_norm.weight,0,F32,256,1024,28522713728
1,blk.35.attn_output.weight,23,IQ4_XS,6144x2560,8355840,28522714752
1,blk.35.attn_q.weight,21,IQ3_S,2560x12288,13516800,28531070592
1,blk.35.attn_q_norm.weight,0,F32,256,1024,28544587392
1,blk.35.attn_v.weight,23,IQ4_XS,2560x512,696320,28544588416
1,blk.35.ffn_down_exps.weight,42,Q2_0,640x2560x512,235929600,28545284736
1,blk.35.ffn_down_shexp.weight,20,IQ4_NL,640x2560,921600,28781214336
1,blk.35.ffn_gate_exps.weight,22,IQ2_S,2560x640x512,268697600,28782135936
1,blk.35.ffn_gate_inp.weight,30,BF16,2560x512,2621440,29050833536
1,blk.35.ffn_gate_inp_shexp.weight,30,BF16,2560,5120,29053454976
1,blk.35.ffn_gate_shexp.weight,23,IQ4_XS,2560x640,870400,29053460096
1,blk.35.ffn_up_exps.weight,22,IQ2_S,2560x640x512,268697600,29054330496
1,blk.35.ffn_up_shexp.weight,23,IQ4_XS,2560x640,870400,29323028096
1,blk.35.hc_attn_down.weight,30,BF16,10240x320,6553600,29323898496
1,blk.35.hc_attn_inject.weight,30,BF16,10240x4,81920,29330452096
1,blk.35.hc_attn_norm.weight,0,F32,10240,40960,29330534016
1,blk.35.hc_attn_up.weight,30,BF16,320x10240,6553600,29330574976
1,blk.35.hc_ffn_down.weight,30,BF16,10240x320,6553600,29337128576
1,blk.35.hc_ffn_inject.weight,30,BF16,10240x4,81920,29343682176
1,blk.35.hc_ffn_norm.weight,0,F32,10240,40960,29343764096
1,blk.35.hc_ffn_up.weight,30,BF16,320x10240,6553600,29343805056
1,blk.35.indexer.k_norm.weight,0,F32,128,512,29350358656
1,blk.35.indexer.k_proj.weight,30,BF16,2560x128,655360,29350359168
1,blk.35.indexer.q_norm.weight,0,F32,128,512,29351014528
1,blk.35.indexer.q_proj.weight,30,BF16,2560x512,2621440,29351015040
1,blk.36.attn_gate.weight,23,IQ4_XS,2560x6144,8355840,29353636480
1,blk.36.attn_qkv.weight,23,IQ4_XS,2560x10240,13926400,29361992320
1,blk.36.ffn_down_exps.weight,42,Q2_0,640x2560x512,235929600,29375918720
1,blk.36.ffn_down_shexp.weight,20,IQ4_NL,640x2560,921600,29611848320
1,blk.36.ffn_gate_exps.weight,22,IQ2_S,2560x640x512,268697600,29612769920
1,blk.36.ffn_gate_inp.weight,30,BF16,2560x512,2621440,29881467520
1,blk.36.ffn_gate_inp_shexp.weight,30,BF16,2560,5120,29884088960
1,blk.36.ffn_gate_shexp.weight,14,Q6_K,2560x640,1344000,29884094080
1,blk.36.ffn_up_exps.weight,22,IQ2_S,2560x640x512,268697600,29885438080
1,blk.36.ffn_up_shexp.weight,14,Q6_K,2560x640,1344000,30154135680
1,blk.36.hc_attn_down.weight,30,BF16,10240x320,6553600,30155479680
1,blk.36.hc_attn_inject.weight,30,BF16,10240x4,81920,30162033280
1,blk.36.hc_attn_norm.weight,0,F32,10240,40960,30162115200
1,blk.36.hc_attn_up.weight,30,BF16,320x10240,6553600,30162156160
1,blk.36.hc_ffn_down.weight,30,BF16,10240x320,6553600,30168709760
1,blk.36.hc_ffn_inject.weight,30,BF16,10240x4,81920,30175263360
1,blk.36.hc_ffn_norm.weight,0,F32,10240,40960,30175345280
1,blk.36.hc_ffn_up.weight,30,BF16,320x10240,6553600,30175386240
1,blk.36.ssm_a,0,F32,48,192,30181939840
1,blk.36.ssm_alpha.weight,30,BF16,2560x48,245760,30181940032
1,blk.36.ssm_beta.weight,30,BF16,2560x48,245760,30182185792
1,blk.36.ssm_conv1d.weight,0,F32,4x10240,163840,30182431552
1,blk.36.ssm_dt.bias,0,F32,48,192,30182595392
1,blk.36.ssm_norm.weight,0,F32,128,512,30182595584
1,blk.36.ssm_out.weight,23,IQ4_XS,6144x2560,8355840,30182596096
1,blk.37.attn_gate.weight,21,IQ3_S,2560x6144,6758400,30190951936
1,blk.37.attn_qkv.weight,23,IQ4_XS,2560x10240,13926400,30197710336
1,blk.37.ffn_down_exps.weight,42,Q2_0,640x2560x512,235929600,30211636736
1,blk.37.ffn_down_shexp.weight,20,IQ4_NL,640x2560,921600,30447566336
1,blk.37.ffn_gate_exps.weight,29,IQ1_M,2560x640x512,183500800,30448487936
1,blk.37.ffn_gate_inp.weight,30,BF16,2560x512,2621440,30631988736
1,blk.37.ffn_gate_inp_shexp.weight,30,BF16,2560,5120,30634610176
1,blk.37.ffn_gate_shexp.weight,23,IQ4_XS,2560x640,870400,30634615296
1,blk.37.ffn_up_exps.weight,29,IQ1_M,2560x640x512,183500800,30635485696
1,blk.37.ffn_up_shexp.weight,21,IQ3_S,2560x640,704000,30818986496
1,blk.37.hc_attn_down.weight,30,BF16,10240x320,6553600,30819690496
1,blk.37.hc_attn_inject.weight,30,BF16,10240x4,81920,30826244096
1,blk.37.hc_attn_norm.weight,0,F32,10240,40960,30826326016
1,blk.37.hc_attn_up.weight,30,BF16,320x10240,6553600,30826366976
1,blk.37.hc_ffn_down.weight,30,BF16,10240x320,6553600,30832920576
1,blk.37.hc_ffn_inject.weight,30,BF16,10240x4,81920,30839474176
1,blk.37.hc_ffn_norm.weight,0,F32,10240,40960,30839556096
1,blk.37.hc_ffn_up.weight,30,BF16,320x10240,6553600,30839597056
1,blk.37.ssm_a,0,F32,48,192,30846150656
1,blk.37.ssm_alpha.weight,30,BF16,2560x48,245760,30846150848
1,blk.37.ssm_beta.weight,30,BF16,2560x48,245760,30846396608
1,blk.37.ssm_conv1d.weight,0,F32,4x10240,163840,30846642368
1,blk.37.ssm_dt.bias,0,F32,48,192,30846806208
1,blk.37.ssm_norm.weight,0,F32,128,512,30846806400
1,blk.37.ssm_out.weight,23,IQ4_XS,6144x2560,8355840,30846806912
1,blk.38.attn_gate.weight,23,IQ4_XS,2560x6144,8355840,30855162752
1,blk.38.attn_qkv.weight,23,IQ4_XS,2560x10240,13926400,30863518592
1,blk.38.ffn_down_exps.weight,42,Q2_0,640x2560x512,235929600,30877444992
1,blk.38.ffn_down_shexp.weight,20,IQ4_NL,640x2560,921600,31113374592
1,blk.38.ffn_gate_exps.weight,22,IQ2_S,2560x640x512,268697600,31114296192
1,blk.38.ffn_gate_inp.weight,30,BF16,2560x512,2621440,31382993792
1,blk.38.ffn_gate_inp_shexp.weight,30,BF16,2560,5120,31385615232
1,blk.38.ffn_gate_shexp.weight,23,IQ4_XS,2560x640,870400,31385620352
1,blk.38.ffn_up_exps.weight,22,IQ2_S,2560x640x512,268697600,31386490752
1,blk.38.ffn_up_shexp.weight,23,IQ4_XS,2560x640,870400,31655188352
1,blk.38.hc_attn_down.weight,30,BF16,10240x320,6553600,31656058752
1,blk.38.hc_attn_inject.weight,30,BF16,10240x4,81920,31662612352
1,blk.38.hc_attn_norm.weight,0,F32,10240,40960,31662694272
1,blk.38.hc_attn_up.weight,30,BF16,320x10240,6553600,31662735232
1,blk.38.hc_ffn_down.weight,30,BF16,10240x320,6553600,31669288832
1,blk.38.hc_ffn_inject.weight,30,BF16,10240x4,81920,31675842432
1,blk.38.hc_ffn_norm.weight,0,F32,10240,40960,31675924352
1,blk.38.hc_ffn_up.weight,30,BF16,320x10240,6553600,31675965312
1,blk.38.ssm_a,0,F32,48,192,31682518912
1,blk.38.ssm_alpha.weight,30,BF16,2560x48,245760,31682519104
1,blk.38.ssm_beta.weight,30,BF16,2560x48,245760,31682764864
1,blk.38.ssm_conv1d.weight,0,F32,4x10240,163840,31683010624
1,blk.38.ssm_dt.bias,0,F32,48,192,31683174464
1,blk.38.ssm_norm.weight,0,F32,128,512,31683174656
1,blk.38.ssm_out.weight,23,IQ4_XS,6144x2560,8355840,31683175168
1,blk.39.attn_k.weight,23,IQ4_XS,2560x512,696320,31691531008
1,blk.39.attn_k_norm.weight,0,F32,256,1024,31692227328
1,blk.39.attn_output.weight,23,IQ4_XS,6144x2560,8355840,31692228352
1,blk.39.attn_q.weight,23,IQ4_XS,2560x12288,16711680,31700584192
1,blk.39.attn_q_norm.weight,0,F32,256,1024,31717295872
1,blk.39.attn_v.weight,14,Q6_K,2560x512,1075200,31717296896
1,blk.39.ffn_down_exps.weight,42,Q2_0,640x2560x512,235929600,31718372096
1,blk.39.ffn_down_shexp.weight,20,IQ4_NL,640x2560,921600,31954301696
1,blk.39.ffn_gate_exps.weight,22,IQ2_S,2560x640x512,268697600,31955223296
1,blk.39.ffn_gate_inp.weight,30,BF16,2560x512,2621440,32223920896
1,blk.39.ffn_gate_inp_shexp.weight,30,BF16,2560,5120,32226542336
1,blk.39.ffn_gate_shexp.weight,23,IQ4_XS,2560x640,870400,32226547456
1,blk.39.ffn_up_exps.weight,22,IQ2_S,2560x640x512,268697600,32227417856
1,blk.39.ffn_up_shexp.weight,23,IQ4_XS,2560x640,870400,32496115456
1,blk.39.hc_attn_down.weight,30,BF16,10240x320,6553600,32496985856
1,blk.39.hc_attn_inject.weight,30,BF16,10240x4,81920,32503539456
1,blk.39.hc_attn_norm.weight,0,F32,10240,40960,32503621376
1,blk.39.hc_attn_up.weight,30,BF16,320x10240,6553600,32503662336
1,blk.39.hc_ffn_down.weight,30,BF16,10240x320,6553600,32510215936
1,blk.39.hc_ffn_inject.weight,30,BF16,10240x4,81920,32516769536
1,blk.39.hc_ffn_norm.weight,0,F32,10240,40960,32516851456
1,blk.39.hc_ffn_up.weight,30,BF16,320x10240,6553600,32516892416
1,blk.39.indexer.k_norm.weight,0,F32,128,512,32523446016
1,blk.39.indexer.k_proj.weight,30,BF16,2560x128,655360,32523446528
1,blk.39.indexer.q_norm.weight,0,F32,128,512,32524101888
1,blk.39.indexer.q_proj.weight,30,BF16,2560x512,2621440,32524102400
1,blk.40.attn_gate.weight,23,IQ4_XS,2560x6144,8355840,32526723840
1,blk.40.attn_qkv.weight,21,IQ3_S,2560x10240,11264000,32535079680
1,blk.40.ffn_down_exps.weight,42,Q2_0,640x2560x512,235929600,32546343680
1,blk.40.ffn_down_shexp.weight,20,IQ4_NL,640x2560,921600,32782273280
1,blk.40.ffn_gate_exps.weight,22,IQ2_S,2560x640x512,268697600,32783194880
1,blk.40.ffn_gate_inp.weight,30,BF16,2560x512,2621440,33051892480
1,blk.40.ffn_gate_inp_shexp.weight,30,BF16,2560,5120,33054513920
1,blk.40.ffn_gate_shexp.weight,23,IQ4_XS,2560x640,870400,33054519040
1,blk.40.ffn_up_exps.weight,22,IQ2_S,2560x640x512,268697600,33055389440
1,blk.40.ffn_up_shexp.weight,21,IQ3_S,2560x640,704000,33324087040
1,blk.40.hc_attn_down.weight,30,BF16,10240x320,6553600,33324791040
1,blk.40.hc_attn_inject.weight,30,BF16,10240x4,81920,33331344640
1,blk.40.hc_attn_norm.weight,0,F32,10240,40960,33331426560
1,blk.40.hc_attn_up.weight,30,BF16,320x10240,6553600,33331467520
1,blk.40.hc_ffn_down.weight,30,BF16,10240x320,6553600,33338021120
1,blk.40.hc_ffn_inject.weight,30,BF16,10240x4,81920,33344574720
1,blk.40.hc_ffn_norm.weight,0,F32,10240,40960,33344656640
1,blk.40.hc_ffn_up.weight,30,BF16,320x10240,6553600,33344697600
1,blk.40.ssm_a,0,F32,48,192,33351251200
1,blk.40.ssm_alpha.weight,30,BF16,2560x48,245760,33351251392
1,blk.40.ssm_beta.weight,30,BF16,2560x48,245760,33351497152
1,blk.40.ssm_conv1d.weight,0,F32,4x10240,163840,33351742912
1,blk.40.ssm_dt.bias,0,F32,48,192,33351906752
1,blk.40.ssm_norm.weight,0,F32,128,512,33351906944
1,blk.40.ssm_out.weight,21,IQ3_S,6144x2560,6758400,33351907456
1,blk.41.attn_gate.weight,23,IQ4_XS,2560x6144,8355840,33358665856
1,blk.41.attn_qkv.weight,23,IQ4_XS,2560x10240,13926400,33367021696
1,blk.41.ffn_down_exps.weight,42,Q2_0,640x2560x512,235929600,33380948096
1,blk.41.ffn_down_shexp.weight,20,IQ4_NL,640x2560,921600,33616877696
1,blk.41.ffn_gate_exps.weight,22,IQ2_S,2560x640x512,268697600,33617799296
1,blk.41.ffn_gate_inp.weight,30,BF16,2560x512,2621440,33886496896
1,blk.41.ffn_gate_inp_shexp.weight,30,BF16,2560,5120,33889118336
1,blk.41.ffn_gate_shexp.weight,23,IQ4_XS,2560x640,870400,33889123456
1,blk.41.ffn_up_exps.weight,22,IQ2_S,2560x640x512,268697600,33889993856
1,blk.41.ffn_up_shexp.weight,14,Q6_K,2560x640,1344000,34158691456
1,blk.41.hc_attn_down.weight,30,BF16,10240x320,6553600,34160035456
1,blk.41.hc_attn_inject.weight,30,BF16,10240x4,81920,34166589056
1,blk.41.hc_attn_norm.weight,0,F32,10240,40960,34166670976
1,blk.41.hc_attn_up.weight,30,BF16,320x10240,6553600,34166711936
1,blk.41.hc_ffn_down.weight,30,BF16,10240x320,6553600,34173265536
1,blk.41.hc_ffn_inject.weight,30,BF16,10240x4,81920,34179819136
1,blk.41.hc_ffn_norm.weight,0,F32,10240,40960,34179901056
1,blk.41.hc_ffn_up.weight,30,BF16,320x10240,6553600,34179942016
1,blk.41.ssm_a,0,F32,48,192,34186495616
1,blk.41.ssm_alpha.weight,30,BF16,2560x48,245760,34186495808
1,blk.41.ssm_beta.weight,30,BF16,2560x48,245760,34186741568
1,blk.41.ssm_conv1d.weight,0,F32,4x10240,163840,34186987328
1,blk.41.ssm_dt.bias,0,F32,48,192,34187151168
1,blk.41.ssm_norm.weight,0,F32,128,512,34187151360
1,blk.41.ssm_out.weight,21,IQ3_S,6144x2560,6758400,34187151872
1,blk.42.attn_gate.weight,23,IQ4_XS,2560x6144,8355840,34193910272
1,blk.42.attn_qkv.weight,23,IQ4_XS,2560x10240,13926400,34202266112
1,blk.42.ffn_down_exps.weight,42,Q2_0,640x2560x512,235929600,34216192512
1,blk.42.ffn_down_shexp.weight,20,IQ4_NL,640x2560,921600,34452122112
1,blk.42.ffn_gate_exps.weight,22,IQ2_S,2560x640x512,268697600,34453043712
1,blk.42.ffn_gate_inp.weight,30,BF16,2560x512,2621440,34721741312
1,blk.42.ffn_gate_inp_shexp.weight,30,BF16,2560,5120,34724362752
1,blk.42.ffn_gate_shexp.weight,14,Q6_K,2560x640,1344000,34724367872
1,blk.42.ffn_up_exps.weight,22,IQ2_S,2560x640x512,268697600,34725711872
1,blk.42.ffn_up_shexp.weight,23,IQ4_XS,2560x640,870400,34994409472
1,blk.42.hc_attn_down.weight,30,BF16,10240x320,6553600,34995279872
1,blk.42.hc_attn_inject.weight,30,BF16,10240x4,81920,35001833472
1,blk.42.hc_attn_norm.weight,0,F32,10240,40960,35001915392
1,blk.42.hc_attn_up.weight,30,BF16,320x10240,6553600,35001956352
1,blk.42.hc_ffn_down.weight,30,BF16,10240x320,6553600,35008509952
1,blk.42.hc_ffn_inject.weight,30,BF16,10240x4,81920,35015063552
1,blk.42.hc_ffn_norm.weight,0,F32,10240,40960,35015145472
1,blk.42.hc_ffn_up.weight,30,BF16,320x10240,6553600,35015186432
1,blk.42.ssm_a,0,F32,48,192,35021740032
1,blk.42.ssm_alpha.weight,30,BF16,2560x48,245760,35021740224
1,blk.42.ssm_beta.weight,30,BF16,2560x48,245760,35021985984
1,blk.42.ssm_conv1d.weight,0,F32,4x10240,163840,35022231744
1,blk.42.ssm_dt.bias,0,F32,48,192,35022395584
1,blk.42.ssm_norm.weight,0,F32,128,512,35022395776
1,blk.42.ssm_out.weight,23,IQ4_XS,6144x2560,8355840,35022396288
1,blk.43.attn_k.weight,23,IQ4_XS,2560x512,696320,35030752128
1,blk.43.attn_k_norm.weight,0,F32,256,1024,35031448448
1,blk.43.attn_output.weight,23,IQ4_XS,6144x2560,8355840,35031449472
1,blk.43.attn_q.weight,23,IQ4_XS,2560x12288,16711680,35039805312
1,blk.43.attn_q_norm.weight,0,F32,256,1024,35056516992
1,blk.43.attn_v.weight,23,IQ4_XS,2560x512,696320,35056518016
1,blk.43.ffn_down_exps.weight,42,Q2_0,640x2560x512,235929600,35057214336
1,blk.43.ffn_down_shexp.weight,20,IQ4_NL,640x2560,921600,35293143936
1,blk.43.ffn_gate_exps.weight,22,IQ2_S,2560x640x512,268697600,35294065536
1,blk.43.ffn_gate_inp.weight,30,BF16,2560x512,2621440,35562763136
1,blk.43.ffn_gate_inp_shexp.weight,30,BF16,2560,5120,35565384576
1,blk.43.ffn_gate_shexp.weight,21,IQ3_S,2560x640,704000,35565389696
1,blk.43.ffn_up_exps.weight,22,IQ2_S,2560x640x512,268697600,35566093696
1,blk.43.ffn_up_shexp.weight,23,IQ4_XS,2560x640,870400,35834791296
1,blk.43.hc_attn_down.weight,30,BF16,10240x320,6553600,35835661696
1,blk.43.hc_attn_inject.weight,30,BF16,10240x4,81920,35842215296
1,blk.43.hc_attn_norm.weight,0,F32,10240,40960,35842297216
1,blk.43.hc_attn_up.weight,30,BF16,320x10240,6553600,35842338176
1,blk.43.hc_ffn_down.weight,30,BF16,10240x320,6553600,35848891776
1,blk.43.hc_ffn_inject.weight,30,BF16,10240x4,81920,35855445376
1,blk.43.hc_ffn_norm.weight,0,F32,10240,40960,35855527296
1,blk.43.hc_ffn_up.weight,30,BF16,320x10240,6553600,35855568256
1,blk.43.indexer.k_norm.weight,0,F32,128,512,35862121856
1,blk.43.indexer.k_proj.weight,30,BF16,2560x128,655360,35862122368
1,blk.43.indexer.q_norm.weight,0,F32,128,512,35862777728
1,blk.43.indexer.q_proj.weight,30,BF16,2560x512,2621440,35862778240
1,blk.44.attn_gate.weight,23,IQ4_XS,2560x6144,8355840,35865399680
1,blk.44.attn_qkv.weight,23,IQ4_XS,2560x10240,13926400,35873755520
1,blk.44.ffn_down_exps.weight,42,Q2_0,640x2560x512,235929600,35887681920
1,blk.44.ffn_down_shexp.weight,20,IQ4_NL,640x2560,921600,36123611520
1,blk.44.ffn_gate_exps.weight,22,IQ2_S,2560x640x512,268697600,36124533120
1,blk.44.ffn_gate_inp.weight,30,BF16,2560x512,2621440,36393230720
1,blk.44.ffn_gate_inp_shexp.weight,30,BF16,2560,5120,36395852160
1,blk.44.ffn_gate_shexp.weight,14,Q6_K,2560x640,1344000,36395857280
1,blk.44.ffn_up_exps.weight,22,IQ2_S,2560x640x512,268697600,36397201280
1,blk.44.ffn_up_shexp.weight,23,IQ4_XS,2560x640,870400,36665898880
1,blk.44.hc_attn_down.weight,30,BF16,10240x320,6553600,36666769280
1,blk.44.hc_attn_inject.weight,30,BF16,10240x4,81920,36673322880
1,blk.44.hc_attn_norm.weight,0,F32,10240,40960,36673404800
1,blk.44.hc_attn_up.weight,30,BF16,320x10240,6553600,36673445760
1,blk.44.hc_ffn_down.weight,30,BF16,10240x320,6553600,36679999360
1,blk.44.hc_ffn_inject.weight,30,BF16,10240x4,81920,36686552960
1,blk.44.hc_ffn_norm.weight,0,F32,10240,40960,36686634880
1,blk.44.hc_ffn_up.weight,30,BF16,320x10240,6553600,36686675840
1,blk.44.ssm_a,0,F32,48,192,36693229440
1,blk.44.ssm_alpha.weight,30,BF16,2560x48,245760,36693229632
1,blk.44.ssm_beta.weight,30,BF16,2560x48,245760,36693475392
1,blk.44.ssm_conv1d.weight,0,F32,4x10240,163840,36693721152
1,blk.44.ssm_dt.bias,0,F32,48,192,36693884992
1,blk.44.ssm_norm.weight,0,F32,128,512,36693885184
1,blk.44.ssm_out.weight,23,IQ4_XS,6144x2560,8355840,36693885696
1,blk.45.attn_gate.weight,14,Q6_K,2560x6144,12902400,36702241536
1,blk.45.attn_qkv.weight,23,IQ4_XS,2560x10240,13926400,36715143936
1,blk.45.ffn_down_exps.weight,42,Q2_0,640x2560x512,235929600,36729070336
1,blk.45.ffn_down_shexp.weight,20,IQ4_NL,640x2560,921600,36964999936
1,blk.45.ffn_gate_exps.weight,22,IQ2_S,2560x640x512,268697600,36965921536
1,blk.45.ffn_gate_inp.weight,30,BF16,2560x512,2621440,37234619136
1,blk.45.ffn_gate_inp_shexp.weight,30,BF16,2560,5120,37237240576
1,blk.45.ffn_gate_shexp.weight,23,IQ4_XS,2560x640,870400,37237245696
1,blk.45.ffn_up_exps.weight,22,IQ2_S,2560x640x512,268697600,37238116096
1,blk.45.ffn_up_shexp.weight,21,IQ3_S,2560x640,704000,37506813696
1,blk.45.hc_attn_down.weight,30,BF16,10240x320,6553600,37507517696
1,blk.45.hc_attn_inject.weight,30,BF16,10240x4,81920,37514071296
1,blk.45.hc_attn_norm.weight,0,F32,10240,40960,37514153216
1,blk.45.hc_attn_up.weight,30,BF16,320x10240,6553600,37514194176
1,blk.45.hc_ffn_down.weight,30,BF16,10240x320,6553600,37520747776
1,blk.45.hc_ffn_inject.weight,30,BF16,10240x4,81920,37527301376
1,blk.45.hc_ffn_norm.weight,0,F32,10240,40960,37527383296
1,blk.45.hc_ffn_up.weight,30,BF16,320x10240,6553600,37527424256
1,blk.45.ssm_a,0,F32,48,192,37533977856
1,blk.45.ssm_alpha.weight,30,BF16,2560x48,245760,37533978048
1,blk.45.ssm_beta.weight,30,BF16,2560x48,245760,37534223808
1,blk.45.ssm_conv1d.weight,0,F32,4x10240,163840,37534469568
1,blk.45.ssm_dt.bias,0,F32,48,192,37534633408
1,blk.45.ssm_norm.weight,0,F32,128,512,37534633600
1,blk.45.ssm_out.weight,23,IQ4_XS,6144x2560,8355840,37534634112
1,blk.46.attn_gate.weight,23,IQ4_XS,2560x6144,8355840,37542989952
1,blk.46.attn_qkv.weight,23,IQ4_XS,2560x10240,13926400,37551345792
1,blk.46.ffn_down_exps.weight,42,Q2_0,640x2560x512,235929600,37565272192
1,blk.46.ffn_down_shexp.weight,20,IQ4_NL,640x2560,921600,37801201792
1,blk.46.ffn_gate_exps.weight,22,IQ2_S,2560x640x512,268697600,37802123392
1,blk.46.ffn_gate_inp.weight,30,BF16,2560x512,2621440,38070820992
1,blk.46.ffn_gate_inp_shexp.weight,30,BF16,2560,5120,38073442432
1,blk.46.ffn_gate_shexp.weight,23,IQ4_XS,2560x640,870400,38073447552
1,blk.46.ffn_up_exps.weight,22,IQ2_S,2560x640x512,268697600,38074317952
1,blk.46.ffn_up_shexp.weight,23,IQ4_XS,2560x640,870400,38343015552
1,blk.46.hc_attn_down.weight,30,BF16,10240x320,6553600,38343885952
1,blk.46.hc_attn_inject.weight,30,BF16,10240x4,81920,38350439552
1,blk.46.hc_attn_norm.weight,0,F32,10240,40960,38350521472
1,blk.46.hc_attn_up.weight,30,BF16,320x10240,6553600,38350562432
1,blk.46.hc_ffn_down.weight,30,BF16,10240x320,6553600,38357116032
1,blk.46.hc_ffn_inject.weight,30,BF16,10240x4,81920,38363669632
1,blk.46.hc_ffn_norm.weight,0,F32,10240,40960,38363751552
1,blk.46.hc_ffn_up.weight,30,BF16,320x10240,6553600,38363792512
1,blk.46.ssm_a,0,F32,48,192,38370346112
1,blk.46.ssm_alpha.weight,30,BF16,2560x48,245760,38370346304
1,blk.46.ssm_beta.weight,30,BF16,2560x48,245760,38370592064
1,blk.46.ssm_conv1d.weight,0,F32,4x10240,163840,38370837824
1,blk.46.ssm_dt.bias,0,F32,48,192,38371001664
1,blk.46.ssm_norm.weight,0,F32,128,512,38371001856
1,blk.46.ssm_out.weight,23,IQ4_XS,6144x2560,8355840,38371002368
1,blk.47.attn_k.weight,14,Q6_K,2560x512,1075200,38379358208
1,blk.47.attn_k_norm.weight,0,F32,256,1024,38380433408
1,blk.47.attn_output.weight,23,IQ4_XS,6144x2560,8355840,38380434432
1,blk.47.attn_q.weight,23,IQ4_XS,2560x12288,16711680,38388790272
1,blk.47.attn_q_norm.weight,0,F32,256,1024,38405501952
1,blk.47.attn_v.weight,14,Q6_K,2560x512,1075200,38405502976
1,blk.47.ffn_down_exps.weight,42,Q2_0,640x2560x512,235929600,38406578176
1,blk.47.ffn_down_shexp.weight,20,IQ4_NL,640x2560,921600,38642507776
1,blk.47.ffn_gate_exps.weight,22,IQ2_S,2560x640x512,268697600,38643429376
1,blk.47.ffn_gate_inp.weight,30,BF16,2560x512,2621440,38912126976
1,blk.47.ffn_gate_inp_shexp.weight,30,BF16,2560,5120,38914748416
1,blk.47.ffn_gate_shexp.weight,23,IQ4_XS,2560x640,870400,38914753536
1,blk.47.ffn_up_exps.weight,22,IQ2_S,2560x640x512,268697600,38915623936
1,blk.47.ffn_up_shexp.weight,23,IQ4_XS,2560x640,870400,39184321536
1,blk.47.hc_attn_down.weight,30,BF16,10240x320,6553600,39185191936
1,blk.47.hc_attn_inject.weight,30,BF16,10240x4,81920,39191745536
1,blk.47.hc_attn_norm.weight,0,F32,10240,40960,39191827456
1,blk.47.hc_attn_up.weight,30,BF16,320x10240,6553600,39191868416
1,blk.47.hc_ffn_down.weight,30,BF16,10240x320,6553600,39198422016
1,blk.47.hc_ffn_inject.weight,30,BF16,10240x4,81920,39204975616
1,blk.47.hc_ffn_norm.weight,0,F32,10240,40960,39205057536
1,blk.47.hc_ffn_up.weight,30,BF16,320x10240,6553600,39205098496
1,blk.47.indexer.k_norm.weight,0,F32,128,512,39211652096
1,blk.47.indexer.k_proj.weight,30,BF16,2560x128,655360,39211652608
1,blk.47.indexer.q_norm.weight,0,F32,128,512,39212307968
1,blk.47.indexer.q_proj.weight,30,BF16,2560x512,2621440,39212308480
2,per_layer_token_embd.weight,20,IQ4_NL,160x320001536,28800138240,0
