name,type_id,type,shape_ggml_order,bytes
output.weight,13,Q5_K,2560x248320,437043200
output_hc_down.weight,30,BF16,10240x320,6553600
output_hc_norm.weight,0,F32,10240,40960
output_hc_up.weight,30,BF16,320x10240,6553600
per_layer_token_embd.weight,20,IQ4_NL,160x320001536,28800138240
token_embd.weight,21,IQ3_S,2560x248320,273152000
blk.0.attn_gate.weight,21,IQ3_S,2560x6144,6758400
blk.0.attn_qkv.weight,23,IQ4_XS,2560x10240,13926400
blk.0.ffn_down_exps.weight,20,IQ4_NL,640x2560x512,471859200
blk.0.ffn_down_shexp.weight,20,IQ4_NL,640x2560,921600
blk.0.ffn_gate_exps.weight,17,IQ2_XS,2560x640x512,242483200
blk.0.ffn_gate_inp.weight,0,F32,2560x512,5242880
blk.0.ffn_gate_inp_shexp.weight,0,F32,2560,10240
blk.0.ffn_gate_shexp.weight,23,IQ4_XS,2560x640,870400
blk.0.ffn_up_exps.weight,17,IQ2_XS,2560x640x512,242483200
blk.0.ffn_up_shexp.weight,21,IQ3_S,2560x640,704000
blk.0.hc_attn_down.weight,30,BF16,10240x320,6553600
blk.0.hc_attn_inject.weight,30,BF16,10240x4,81920
blk.0.hc_attn_norm.weight,0,F32,10240,40960
blk.0.hc_attn_up.weight,30,BF16,320x10240,6553600
blk.0.hc_ffn_down.weight,30,BF16,10240x320,6553600
blk.0.hc_ffn_inject.weight,30,BF16,10240x4,81920
blk.0.hc_ffn_norm.weight,0,F32,10240,40960
blk.0.hc_ffn_up.weight,30,BF16,320x10240,6553600
blk.0.ssm_a,0,F32,48,192
blk.0.ssm_alpha.weight,30,BF16,2560x48,245760
blk.0.ssm_beta.weight,30,BF16,2560x48,245760
blk.0.ssm_conv1d.weight,0,F32,4x10240,163840
blk.0.ssm_dt.bias,0,F32,48,192
blk.0.ssm_norm.weight,0,F32,128,512
blk.0.ssm_out.weight,23,IQ4_XS,6144x2560,8355840
blk.1.attn_gate.weight,14,Q6_K,2560x6144,12902400
blk.1.attn_qkv.weight,23,IQ4_XS,2560x10240,13926400
blk.1.ffn_down_exps.weight,42,Q2_0,640x2560x512,235929600
blk.1.ffn_down_shexp.weight,20,IQ4_NL,640x2560,921600
blk.1.ffn_gate_exps.weight,16,IQ2_XXS,2560x640x512,216268800
blk.1.ffn_gate_inp.weight,0,F32,2560x512,5242880
blk.1.ffn_gate_inp_shexp.weight,0,F32,2560,10240
blk.1.ffn_gate_shexp.weight,23,IQ4_XS,2560x640,870400
blk.1.ffn_up_exps.weight,16,IQ2_XXS,2560x640x512,216268800
blk.1.ffn_up_shexp.weight,21,IQ3_S,2560x640,704000
blk.1.hc_attn_down.weight,30,BF16,10240x320,6553600
blk.1.hc_attn_inject.weight,30,BF16,10240x4,81920
blk.1.hc_attn_norm.weight,0,F32,10240,40960
blk.1.hc_attn_up.weight,30,BF16,320x10240,6553600
blk.1.hc_ffn_down.weight,30,BF16,10240x320,6553600
blk.1.hc_ffn_inject.weight,30,BF16,10240x4,81920
blk.1.hc_ffn_norm.weight,0,F32,10240,40960
blk.1.hc_ffn_up.weight,30,BF16,320x10240,6553600
blk.1.ple_conv1d.weight,1,F16,4x10240,81920
blk.1.ple_key.weight,30,BF16,2560x10240,52428800
blk.1.ple_norm_conv.weight,0,F32,10240,40960
blk.1.ple_norm_key.weight,0,F32,10240,40960
blk.1.ple_norm_query.weight,0,F32,10240,40960
blk.1.ple_value.weight,30,BF16,2560x2560,13107200
blk.1.ssm_a,0,F32,48,192
blk.1.ssm_alpha.weight,30,BF16,2560x48,245760
blk.1.ssm_beta.weight,30,BF16,2560x48,245760
blk.1.ssm_conv1d.weight,0,F32,4x10240,163840
blk.1.ssm_dt.bias,0,F32,48,192
blk.1.ssm_norm.weight,0,F32,128,512
blk.1.ssm_out.weight,21,IQ3_S,6144x2560,6758400
blk.2.attn_gate.weight,21,IQ3_S,2560x6144,6758400
blk.2.attn_qkv.weight,23,IQ4_XS,2560x10240,13926400
blk.2.ffn_down_exps.weight,20,IQ4_NL,640x2560x512,471859200
blk.2.ffn_down_shexp.weight,20,IQ4_NL,640x2560,921600
blk.2.ffn_gate_exps.weight,17,IQ2_XS,2560x640x512,242483200
blk.2.ffn_gate_inp.weight,0,F32,2560x512,5242880
blk.2.ffn_gate_inp_shexp.weight,0,F32,2560,10240
blk.2.ffn_gate_shexp.weight,12,Q4_K,2560x640,921600
blk.2.ffn_up_exps.weight,17,IQ2_XS,2560x640x512,242483200
blk.2.ffn_up_shexp.weight,13,Q5_K,2560x640,1126400
blk.2.hc_attn_down.weight,30,BF16,10240x320,6553600
blk.2.hc_attn_inject.weight,30,BF16,10240x4,81920
blk.2.hc_attn_norm.weight,0,F32,10240,40960
blk.2.hc_attn_up.weight,30,BF16,320x10240,6553600
blk.2.hc_ffn_down.weight,30,BF16,10240x320,6553600
blk.2.hc_ffn_inject.weight,30,BF16,10240x4,81920
blk.2.hc_ffn_norm.weight,0,F32,10240,40960
blk.2.hc_ffn_up.weight,30,BF16,320x10240,6553600
blk.2.ssm_a,0,F32,48,192
blk.2.ssm_alpha.weight,30,BF16,2560x48,245760
blk.2.ssm_beta.weight,30,BF16,2560x48,245760
blk.2.ssm_conv1d.weight,0,F32,4x10240,163840
blk.2.ssm_dt.bias,0,F32,48,192
blk.2.ssm_norm.weight,0,F32,128,512
blk.2.ssm_out.weight,12,Q4_K,6144x2560,8847360
blk.3.attn_k.weight,23,IQ4_XS,2560x512,696320
blk.3.attn_k_norm.weight,0,F32,256,1024
blk.3.attn_output.weight,14,Q6_K,6144x2560,12902400
blk.3.attn_q.weight,23,IQ4_XS,2560x12288,16711680
blk.3.attn_q_norm.weight,0,F32,256,1024
blk.3.attn_v.weight,14,Q6_K,2560x512,1075200
blk.3.ffn_down_exps.weight,42,Q2_0,640x2560x512,235929600
blk.3.ffn_down_shexp.weight,42,Q2_0,640x2560,460800
blk.3.ffn_gate_exps.weight,16,IQ2_XXS,2560x640x512,216268800
blk.3.ffn_gate_inp.weight,0,F32,2560x512,5242880
blk.3.ffn_gate_inp_shexp.weight,0,F32,2560,10240
blk.3.ffn_gate_shexp.weight,12,Q4_K,2560x640,921600
blk.3.ffn_up_exps.weight,16,IQ2_XXS,2560x640x512,216268800
blk.3.ffn_up_shexp.weight,12,Q4_K,2560x640,921600
blk.3.hc_attn_down.weight,30,BF16,10240x320,6553600
blk.3.hc_attn_inject.weight,30,BF16,10240x4,81920
blk.3.hc_attn_norm.weight,0,F32,10240,40960
blk.3.hc_attn_up.weight,30,BF16,320x10240,6553600
blk.3.hc_ffn_down.weight,30,BF16,10240x320,6553600
blk.3.hc_ffn_inject.weight,30,BF16,10240x4,81920
blk.3.hc_ffn_norm.weight,0,F32,10240,40960
blk.3.hc_ffn_up.weight,30,BF16,320x10240,6553600
blk.3.indexer.k_norm.weight,0,F32,128,512
blk.3.indexer.k_proj.weight,30,BF16,2560x128,655360
blk.3.indexer.q_norm.weight,0,F32,128,512
blk.3.indexer.q_proj.weight,30,BF16,2560x512,2621440
blk.4.attn_gate.weight,21,IQ3_S,2560x6144,6758400
blk.4.attn_qkv.weight,14,Q6_K,2560x10240,21504000
blk.4.ffn_down_exps.weight,20,IQ4_NL,640x2560x512,471859200
blk.4.ffn_down_shexp.weight,42,Q2_0,640x2560,460800
blk.4.ffn_gate_exps.weight,17,IQ2_XS,2560x640x512,242483200
blk.4.ffn_gate_inp.weight,0,F32,2560x512,5242880
blk.4.ffn_gate_inp_shexp.weight,0,F32,2560,10240
blk.4.ffn_gate_shexp.weight,23,IQ4_XS,2560x640,870400
blk.4.ffn_up_exps.weight,17,IQ2_XS,2560x640x512,242483200
blk.4.ffn_up_shexp.weight,21,IQ3_S,2560x640,704000
blk.4.hc_attn_down.weight,30,BF16,10240x320,6553600
blk.4.hc_attn_inject.weight,30,BF16,10240x4,81920
blk.4.hc_attn_norm.weight,0,F32,10240,40960
blk.4.hc_attn_up.weight,30,BF16,320x10240,6553600
blk.4.hc_ffn_down.weight,30,BF16,10240x320,6553600
blk.4.hc_ffn_inject.weight,30,BF16,10240x4,81920
blk.4.hc_ffn_norm.weight,0,F32,10240,40960
blk.4.hc_ffn_up.weight,30,BF16,320x10240,6553600
blk.4.ssm_a,0,F32,48,192
blk.4.ssm_alpha.weight,30,BF16,2560x48,245760
blk.4.ssm_beta.weight,30,BF16,2560x48,245760
blk.4.ssm_conv1d.weight,0,F32,4x10240,163840
blk.4.ssm_dt.bias,0,F32,48,192
blk.4.ssm_norm.weight,0,F32,128,512
blk.4.ssm_out.weight,23,IQ4_XS,6144x2560,8355840
blk.5.attn_gate.weight,21,IQ3_S,2560x6144,6758400
blk.5.attn_qkv.weight,14,Q6_K,2560x10240,21504000
blk.5.ffn_down_exps.weight,42,Q2_0,640x2560x512,235929600
blk.5.ffn_down_shexp.weight,20,IQ4_NL,640x2560,921600
blk.5.ffn_gate_exps.weight,17,IQ2_XS,2560x640x512,242483200
blk.5.ffn_gate_inp.weight,0,F32,2560x512,5242880
blk.5.ffn_gate_inp_shexp.weight,0,F32,2560,10240
blk.5.ffn_gate_shexp.weight,23,IQ4_XS,2560x640,870400
blk.5.ffn_up_exps.weight,17,IQ2_XS,2560x640x512,242483200
blk.5.ffn_up_shexp.weight,21,IQ3_S,2560x640,704000
blk.5.hc_attn_down.weight,30,BF16,10240x320,6553600
blk.5.hc_attn_inject.weight,30,BF16,10240x4,81920
blk.5.hc_attn_norm.weight,0,F32,10240,40960
blk.5.hc_attn_up.weight,30,BF16,320x10240,6553600
blk.5.hc_ffn_down.weight,30,BF16,10240x320,6553600
blk.5.hc_ffn_inject.weight,30,BF16,10240x4,81920
blk.5.hc_ffn_norm.weight,0,F32,10240,40960
blk.5.hc_ffn_up.weight,30,BF16,320x10240,6553600
blk.5.ssm_a,0,F32,48,192
blk.5.ssm_alpha.weight,30,BF16,2560x48,245760
blk.5.ssm_beta.weight,30,BF16,2560x48,245760
blk.5.ssm_conv1d.weight,0,F32,4x10240,163840
blk.5.ssm_dt.bias,0,F32,48,192
blk.5.ssm_norm.weight,0,F32,128,512
blk.5.ssm_out.weight,23,IQ4_XS,6144x2560,8355840
blk.6.attn_gate.weight,23,IQ4_XS,2560x6144,8355840
blk.6.attn_qkv.weight,23,IQ4_XS,2560x10240,13926400
blk.6.ffn_down_exps.weight,42,Q2_0,640x2560x512,235929600
blk.6.ffn_down_shexp.weight,42,Q2_0,640x2560,460800
blk.6.ffn_gate_exps.weight,16,IQ2_XXS,2560x640x512,216268800
blk.6.ffn_gate_inp.weight,0,F32,2560x512,5242880
blk.6.ffn_gate_inp_shexp.weight,0,F32,2560,10240
blk.6.ffn_gate_shexp.weight,23,IQ4_XS,2560x640,870400
blk.6.ffn_up_exps.weight,16,IQ2_XXS,2560x640x512,216268800
blk.6.ffn_up_shexp.weight,14,Q6_K,2560x640,1344000
blk.6.hc_attn_down.weight,30,BF16,10240x320,6553600
blk.6.hc_attn_inject.weight,30,BF16,10240x4,81920
blk.6.hc_attn_norm.weight,0,F32,10240,40960
blk.6.hc_attn_up.weight,30,BF16,320x10240,6553600
blk.6.hc_ffn_down.weight,30,BF16,10240x320,6553600
blk.6.hc_ffn_inject.weight,30,BF16,10240x4,81920
blk.6.hc_ffn_norm.weight,0,F32,10240,40960
blk.6.hc_ffn_up.weight,30,BF16,320x10240,6553600
blk.6.ssm_a,0,F32,48,192
blk.6.ssm_alpha.weight,30,BF16,2560x48,245760
blk.6.ssm_beta.weight,30,BF16,2560x48,245760
blk.6.ssm_conv1d.weight,0,F32,4x10240,163840
blk.6.ssm_dt.bias,0,F32,48,192
blk.6.ssm_norm.weight,0,F32,128,512
blk.6.ssm_out.weight,13,Q5_K,6144x2560,10813440
blk.7.attn_k.weight,12,Q4_K,2560x512,737280
blk.7.attn_k_norm.weight,0,F32,256,1024
blk.7.attn_output.weight,13,Q5_K,6144x2560,10813440
blk.7.attn_q.weight,23,IQ4_XS,2560x12288,16711680
blk.7.attn_q_norm.weight,0,F32,256,1024
blk.7.attn_v.weight,14,Q6_K,2560x512,1075200
blk.7.ffn_down_exps.weight,42,Q2_0,640x2560x512,235929600
blk.7.ffn_down_shexp.weight,20,IQ4_NL,640x2560,921600
blk.7.ffn_gate_exps.weight,16,IQ2_XXS,2560x640x512,216268800
blk.7.ffn_gate_inp.weight,0,F32,2560x512,5242880
blk.7.ffn_gate_inp_shexp.weight,0,F32,2560,10240
blk.7.ffn_gate_shexp.weight,21,IQ3_S,2560x640,704000
blk.7.ffn_up_exps.weight,16,IQ2_XXS,2560x640x512,216268800
blk.7.ffn_up_shexp.weight,23,IQ4_XS,2560x640,870400
blk.7.hc_attn_down.weight,30,BF16,10240x320,6553600
blk.7.hc_attn_inject.weight,30,BF16,10240x4,81920
blk.7.hc_attn_norm.weight,0,F32,10240,40960
blk.7.hc_attn_up.weight,30,BF16,320x10240,6553600
blk.7.hc_ffn_down.weight,30,BF16,10240x320,6553600
blk.7.hc_ffn_inject.weight,30,BF16,10240x4,81920
blk.7.hc_ffn_norm.weight,0,F32,10240,40960
blk.7.hc_ffn_up.weight,30,BF16,320x10240,6553600
blk.7.indexer.k_norm.weight,0,F32,128,512
blk.7.indexer.k_proj.weight,30,BF16,2560x128,655360
blk.7.indexer.q_norm.weight,0,F32,128,512
blk.7.indexer.q_proj.weight,30,BF16,2560x512,2621440
blk.8.attn_gate.weight,23,IQ4_XS,2560x6144,8355840
blk.8.attn_qkv.weight,23,IQ4_XS,2560x10240,13926400
blk.8.ffn_down_exps.weight,42,Q2_0,640x2560x512,235929600
blk.8.ffn_down_shexp.weight,20,IQ4_NL,640x2560,921600
blk.8.ffn_gate_exps.weight,21,IQ3_S,2560x640x512,360448000
blk.8.ffn_gate_inp.weight,0,F32,2560x512,5242880
blk.8.ffn_gate_inp_shexp.weight,0,F32,2560,10240
blk.8.ffn_gate_shexp.weight,21,IQ3_S,2560x640,704000
blk.8.ffn_up_exps.weight,21,IQ3_S,2560x640x512,360448000
blk.8.ffn_up_shexp.weight,21,IQ3_S,2560x640,704000
blk.8.hc_attn_down.weight,30,BF16,10240x320,6553600
blk.8.hc_attn_inject.weight,30,BF16,10240x4,81920
blk.8.hc_attn_norm.weight,0,F32,10240,40960
blk.8.hc_attn_up.weight,30,BF16,320x10240,6553600
blk.8.hc_ffn_down.weight,30,BF16,10240x320,6553600
blk.8.hc_ffn_inject.weight,30,BF16,10240x4,81920
blk.8.hc_ffn_norm.weight,0,F32,10240,40960
blk.8.hc_ffn_up.weight,30,BF16,320x10240,6553600
blk.8.ssm_a,0,F32,48,192
blk.8.ssm_alpha.weight,30,BF16,2560x48,245760
blk.8.ssm_beta.weight,30,BF16,2560x48,245760
blk.8.ssm_conv1d.weight,0,F32,4x10240,163840
blk.8.ssm_dt.bias,0,F32,48,192
blk.8.ssm_norm.weight,0,F32,128,512
blk.8.ssm_out.weight,23,IQ4_XS,6144x2560,8355840
blk.9.attn_gate.weight,23,IQ4_XS,2560x6144,8355840
blk.9.attn_qkv.weight,14,Q6_K,2560x10240,21504000
blk.9.ffn_down_exps.weight,42,Q2_0,640x2560x512,235929600
blk.9.ffn_down_shexp.weight,20,IQ4_NL,640x2560,921600
blk.9.ffn_gate_exps.weight,17,IQ2_XS,2560x640x512,242483200
blk.9.ffn_gate_inp.weight,0,F32,2560x512,5242880
blk.9.ffn_gate_inp_shexp.weight,0,F32,2560,10240
blk.9.ffn_gate_shexp.weight,12,Q4_K,2560x640,921600
blk.9.ffn_up_exps.weight,17,IQ2_XS,2560x640x512,242483200
blk.9.ffn_up_shexp.weight,21,IQ3_S,2560x640,704000
blk.9.hc_attn_down.weight,30,BF16,10240x320,6553600
blk.9.hc_attn_inject.weight,30,BF16,10240x4,81920
blk.9.hc_attn_norm.weight,0,F32,10240,40960
blk.9.hc_attn_up.weight,30,BF16,320x10240,6553600
blk.9.hc_ffn_down.weight,30,BF16,10240x320,6553600
blk.9.hc_ffn_inject.weight,30,BF16,10240x4,81920
blk.9.hc_ffn_norm.weight,0,F32,10240,40960
blk.9.hc_ffn_up.weight,30,BF16,320x10240,6553600
blk.9.ssm_a,0,F32,48,192
blk.9.ssm_alpha.weight,30,BF16,2560x48,245760
blk.9.ssm_beta.weight,30,BF16,2560x48,245760
blk.9.ssm_conv1d.weight,0,F32,4x10240,163840
blk.9.ssm_dt.bias,0,F32,48,192
blk.9.ssm_norm.weight,0,F32,128,512
blk.9.ssm_out.weight,23,IQ4_XS,6144x2560,8355840
blk.10.attn_gate.weight,14,Q6_K,2560x6144,12902400
blk.10.attn_qkv.weight,14,Q6_K,2560x10240,21504000
blk.10.ffn_down_exps.weight,42,Q2_0,640x2560x512,235929600
blk.10.ffn_down_shexp.weight,20,IQ4_NL,640x2560,921600
blk.10.ffn_gate_exps.weight,17,IQ2_XS,2560x640x512,242483200
blk.10.ffn_gate_inp.weight,0,F32,2560x512,5242880
blk.10.ffn_gate_inp_shexp.weight,0,F32,2560,10240
blk.10.ffn_gate_shexp.weight,21,IQ3_S,2560x640,704000
blk.10.ffn_up_exps.weight,17,IQ2_XS,2560x640x512,242483200
blk.10.ffn_up_shexp.weight,23,IQ4_XS,2560x640,870400
blk.10.hc_attn_down.weight,30,BF16,10240x320,6553600
blk.10.hc_attn_inject.weight,30,BF16,10240x4,81920
blk.10.hc_attn_norm.weight,0,F32,10240,40960
blk.10.hc_attn_up.weight,30,BF16,320x10240,6553600
blk.10.hc_ffn_down.weight,30,BF16,10240x320,6553600
blk.10.hc_ffn_inject.weight,30,BF16,10240x4,81920
blk.10.hc_ffn_norm.weight,0,F32,10240,40960
blk.10.hc_ffn_up.weight,30,BF16,320x10240,6553600
blk.10.ssm_a,0,F32,48,192
blk.10.ssm_alpha.weight,30,BF16,2560x48,245760
blk.10.ssm_beta.weight,30,BF16,2560x48,245760
blk.10.ssm_conv1d.weight,0,F32,4x10240,163840
blk.10.ssm_dt.bias,0,F32,48,192
blk.10.ssm_norm.weight,0,F32,128,512
blk.10.ssm_out.weight,13,Q5_K,6144x2560,10813440
blk.11.attn_k.weight,12,Q4_K,2560x512,737280
blk.11.attn_k_norm.weight,0,F32,256,1024
blk.11.attn_output.weight,14,Q6_K,6144x2560,12902400
blk.11.attn_q.weight,12,Q4_K,2560x12288,17694720
blk.11.attn_q_norm.weight,0,F32,256,1024
blk.11.attn_v.weight,12,Q4_K,2560x512,737280
blk.11.ffn_down_exps.weight,42,Q2_0,640x2560x512,235929600
blk.11.ffn_down_shexp.weight,20,IQ4_NL,640x2560,921600
blk.11.ffn_gate_exps.weight,16,IQ2_XXS,2560x640x512,216268800
blk.11.ffn_gate_inp.weight,0,F32,2560x512,5242880
blk.11.ffn_gate_inp_shexp.weight,0,F32,2560,10240
blk.11.ffn_gate_shexp.weight,12,Q4_K,2560x640,921600
blk.11.ffn_up_exps.weight,16,IQ2_XXS,2560x640x512,216268800
blk.11.ffn_up_shexp.weight,12,Q4_K,2560x640,921600
blk.11.hc_attn_down.weight,30,BF16,10240x320,6553600
blk.11.hc_attn_inject.weight,30,BF16,10240x4,81920
blk.11.hc_attn_norm.weight,0,F32,10240,40960
blk.11.hc_attn_up.weight,30,BF16,320x10240,6553600
blk.11.hc_ffn_down.weight,30,BF16,10240x320,6553600
blk.11.hc_ffn_inject.weight,30,BF16,10240x4,81920
blk.11.hc_ffn_norm.weight,0,F32,10240,40960
blk.11.hc_ffn_up.weight,30,BF16,320x10240,6553600
blk.11.indexer.k_norm.weight,0,F32,128,512
blk.11.indexer.k_proj.weight,30,BF16,2560x128,655360
blk.11.indexer.q_norm.weight,0,F32,128,512
blk.11.indexer.q_proj.weight,30,BF16,2560x512,2621440
blk.12.attn_gate.weight,21,IQ3_S,2560x6144,6758400
blk.12.attn_qkv.weight,12,Q4_K,2560x10240,14745600
